Name,Date time,Maximum Temperature,Minimum Temperature,Temperature,Wind Chill,Heat Index,Precipitation,Snow,Snow Depth,Wind Speed,Wind Direction,Wind Gust,Visibility,Cloud Cover,Relative Humidity,Conditions
"Helsinki, Etelä-Suomi, Suomi",03/01/2020,4,0.6,2.1,-4,,10.48,0,0,33.4,193.63,57.4,14,94.6,93.39,"Rain, Overcast"
"Helsinki, Etelä-Suomi, Suomi",03/02/2020,5.2,1.6,3.7,-1.1,,1.35,0,0,25.1,215.04,50,16.9,77.5,90.77,"Rain, Overcast"
"Helsinki, Etelä-Suomi, Suomi",03/03/2020,3.6,1.5,2.5,-2.3,,0.41,0,0,25.3,74.54,43.1,13.7,88.2,93.73,"Rain, Overcast"
"Helsinki, Etelä-Suomi, Suomi",03/04/2020,3.8,0.6,2.2,-6,,9.87,0,0,40.8,103.21,68.3,16.5,94.9,95.08,"Rain, Overcast"
"Helsinki, Etelä-Suomi, Suomi",03/05/2020,3.8,2.2,3.3,-2.1,,1.49,0,0,18.2,198.83,42.4,30.7,86.7,93.8,"Rain, Overcast"
"Helsinki, Etelä-Suomi, Suomi",03/06/2020,4.7,0.6,2.7,-3.5,,0.5,0,0,19.2,243.25,35.8,47.4,36.8,83.26,"Rain, Partially cloudy"
"Helsinki, Etelä-Suomi, Suomi",03/07/2020,3.7,-1.1,1.3,-3.5,,0,0,0,11.2,112.46,21.6,22.6,56,92.89,Partially cloudy
"Helsinki, Etelä-Suomi, Suomi",03/08/2020,3.5,-2.3,1.2,-4.6,,0,0,0,21.9,209.5,39.6,27,31.7,89.07,Partially cloudy
"Helsinki, Etelä-Suomi, Suomi",03/09/2020,5.3,3,4.1,-1.3,,0.02,0,0,22,209.75,39.7,32.4,90.2,82.17,"Rain, Overcast"
"Helsinki, Etelä-Suomi, Suomi",03/10/2020,4.3,3.1,3.8,-1,,5.76,0,0,25.8,203.17,43.2,10.6,95.5,93.93,"Rain, Overcast"
"Helsinki, Etelä-Suomi, Suomi",03/11/2020,3.6,3.1,3.4,-2.2,,8.61,0,0,28,169.5,43.1,13.5,94.5,95.21,"Rain, Overcast"
"Helsinki, Etelä-Suomi, Suomi",03/12/2020,6.7,2.8,4,-1.7,,4.76,0,0,28,215.08,43.3,28.7,81.6,88.37,"Rain, Overcast"
"Helsinki, Etelä-Suomi, Suomi",03/13/2020,3.5,-1.7,1.6,-7.6,,2.49,0,0,31.5,301.33,54,44.1,70.6,74.05,"Rain, Partially cloudy"
"Helsinki, Etelä-Suomi, Suomi",03/14/2020,0.7,-4.8,-1.9,-10,,0,0,0,29.8,322.33,50.3,49.8,15,53.27,Clear
"Helsinki, Etelä-Suomi, Suomi",03/15/2020,4.2,-3.5,1.5,-7.8,,0,0,0,42.6,233.21,68.5,43.9,25.6,67.32,Partially cloudy
"Helsinki, Etelä-Suomi, Suomi",03/16/2020,5.5,-0.2,3.5,-4.2,,1.95,0,0,42.6,262.04,68.4,28.3,67.7,79.97,"Rain, Partially cloudy"
"Helsinki, Etelä-Suomi, Suomi",03/17/2020,4.6,-3.4,1.7,-4,,0,0,0,33.2,218.71,61,39.6,54.3,80.06,Partially cloudy
"Helsinki, Etelä-Suomi, Suomi",03/18/2020,6.1,3.8,4.7,-0.2,,1.53,0,0,21.6,236.96,36.4,20.9,92.6,91.08,"Rain, Overcast"
"Helsinki, Etelä-Suomi, Suomi",03/19/2020,7.5,1.4,4.4,-2.4,,0.2,0,0,25.1,272.33,46.6,47.3,45.1,74.81,"Rain, Partially cloudy"
"Helsinki, Etelä-Suomi, Suomi",03/20/2020,3.7,-2.5,1.2,-6.1,,0.2,0,0,19.8,182.5,32.6,48.2,24.3,58.31,Rain
"Helsinki, Etelä-Suomi, Suomi",03/21/2020,2,-5.3,-1.6,-9.4,,1.1,0,0,17.9,210.13,42.6,45.2,29.2,59.7,"Rain, Partially cloudy"
"Helsinki, Etelä-Suomi, Suomi",03/22/2020,1.6,-5,-0.8,-7.8,,0,0,0,15,118.54,25.4,49.5,0.9,47.03,Clear
"Helsinki, Etelä-Suomi, Suomi",03/23/2020,4,-0.2,1.9,-4.2,,0,0,0,32,224.08,50.3,48.2,37.6,68.51,Partially cloudy
"Helsinki, Etelä-Suomi, Suomi",03/24/2020,5.7,2.1,3.6,-3.8,,0,0,0,36.7,233.08,57.8,35.8,58,76.87,Partially cloudy
"Helsinki, Etelä-Suomi, Suomi",03/25/2020,6.4,3.7,5.1,-1.3,,0,0,0,36.8,238.67,68.5,25.7,12,70.19,Clear
"Helsinki, Etelä-Suomi, Suomi",03/26/2020,7.6,2.9,4.9,-0.6,,0,0,0,24.9,239.96,43.4,21.3,4.8,73.58,Clear
"Helsinki, Etelä-Suomi, Suomi",03/27/2020,6.3,2.2,4.3,-1,,0,0,0,21.9,228.25,32.7,25,19.3,70.45,Clear
"Helsinki, Etelä-Suomi, Suomi",03/28/2020,9.1,3,5.6,-1.1,,0,0,0,21.6,264.79,43.5,31.5,64.4,60.69,Partially cloudy
"Helsinki, Etelä-Suomi, Suomi",03/29/2020,2.9,-2.2,0.5,-6.8,,0,0,0,24.2,329.54,46.4,48.9,26.4,40.34,Partially cloudy
"Helsinki, Etelä-Suomi, Suomi",03/30/2020,1.9,-3.5,-1.1,-6.8,,0,0,0,17.3,217.96,29,47.3,58.8,51.98,Partially cloudy
"Helsinki, Etelä-Suomi, Suomi",03/31/2020,2.4,-5.4,-0.8,-8.3,,0.32,0,0,33.9,267.54,64.9,39,41.7,64.02,"Rain, Partially cloudy"
"Helsinki, Etelä-Suomi, Suomi",04/01/2020,7.5,1.4,4.1,-2.9,,0.01,0,0,29.7,277.88,53.4,43.4,28.6,58.14,"Rain, Partially cloudy"
"Helsinki, Etelä-Suomi, Suomi",04/02/2020,6.2,1.9,4.3,-2.5,,1.61,0,0,44.1,219.25,79.3,23.3,84.7,82.76,"Rain, Overcast"
"Helsinki, Etelä-Suomi, Suomi",04/03/2020,5.7,0.3,2.6,-4.7,,4.96,0,0,35.7,261,71.7,35.7,64,75.81,"Rain, Partially cloudy"
"Helsinki, Etelä-Suomi, Suomi",04/04/2020,7,-0.3,2.8,-4.7,,0,0,0,26.1,276.04,46.9,48.8,8.8,52.87,Clear
"Helsinki, Etelä-Suomi, Suomi",04/05/2020,7.6,-0.9,3.3,-5.4,,0,0,0,24.9,288.04,43.1,49.1,13.9,45.85,Clear
"Helsinki, Etelä-Suomi, Suomi",04/06/2020,8.2,2.5,5.6,0.4,,0.49,0,0,21.2,223.42,32.3,24.9,51.1,77.52,"Rain, Partially cloudy"
"Helsinki, Etelä-Suomi, Suomi",04/07/2020,11.8,4.9,7.3,1.4,,0.61,0,0,32.3,231.54,54.3,27.8,28.2,69.91,"Rain, Partially cloudy"
"Helsinki, Etelä-Suomi, Suomi",04/08/2020,9.9,2.7,6.5,-1.1,,0,0,0,27.9,257.21,57.7,33.6,2.6,68.18,Clear
"Helsinki, Etelä-Suomi, Suomi",04/09/2020,9.4,3.6,6.4,0.2,,0.67,0,0,32.7,285.54,57.2,38.5,45.6,63.15,"Rain, Partially cloudy"
"Helsinki, Etelä-Suomi, Suomi",04/10/2020,8.3,0.5,3.9,-4.3,,0,0,0,28,306.63,50.2,48.3,19.5,57.33,Clear
"Helsinki, Etelä-Suomi, Suomi",04/11/2020,8.1,-0.2,3.9,-4.6,,0,0,0,28,292.88,43.2,49,23.2,54.58,Clear
"Helsinki, Etelä-Suomi, Suomi",04/12/2020,6.2,1.8,4.2,-1.6,,2.95,0,0,29.3,203.54,57.3,22.9,91.8,86.82,"Rain, Overcast"
"Helsinki, Etelä-Suomi, Suomi",04/13/2020,7.4,1,4.5,-4,,0.2,0,0,28.8,266.67,47.3,38.8,55.3,69.05,"Rain, Partially cloudy"
"Helsinki, Etelä-Suomi, Suomi",04/14/2020,4.9,0.4,2.1,-4.4,,2.79,0,0,30.4,305,50.4,34,66.4,81.3,"Rain, Partially cloudy"
"Helsinki, Etelä-Suomi, Suomi",04/15/2020,7.4,0.6,3.5,-3.7,,4.54,0,0,26.6,272.88,43.2,37.6,76.2,78.93,"Rain, Overcast"
"Helsinki, Etelä-Suomi, Suomi",04/16/2020,7,0.3,2.9,-5.5,,16.36,0,0,34.8,227.08,53.7,26.8,66,86.2,"Rain, Partially cloudy"
"Helsinki, Etelä-Suomi, Suomi",04/17/2020,7.3,1.5,4.5,-3.7,,0,0,0,36.2,310.63,61.2,48.9,39.9,59.48,Partially cloudy
"Helsinki, Etelä-Suomi, Suomi",04/18/2020,9.1,2.3,5.8,-2.9,,0,0,0,33.1,325.08,53.6,49.1,28,48.65,Partially cloudy
"Helsinki, Etelä-Suomi, Suomi",04/19/2020,9.5,2.1,6.4,-1.7,,0,0,0,21.5,327.08,39.3,48.6,49.1,52.81,Partially cloudy
"Helsinki, Etelä-Suomi, Suomi",04/20/2020,12,6.1,9.2,3.3,,0,0,0,21.3,297.17,43,49.2,74.7,57.16,Partially cloudy
"Helsinki, Etelä-Suomi, Suomi",04/21/2020,15.5,5.1,10.6,2.6,,0,0,0,20.7,274.71,36,47.2,9.3,46.83,Clear
"Helsinki, Etelä-Suomi, Suomi",04/22/2020,9.8,5.5,7.6,2.7,,0,0,0,17.7,170.13,28.8,47.1,19.7,53.69,Clear
"Helsinki, Etelä-Suomi, Suomi",04/23/2020,13,2.8,8.3,-0.1,,0,0,0,17.8,244.83,32.5,46.2,17.9,50.68,Clear
"Helsinki, Etelä-Suomi, Suomi",04/24/2020,10.3,4.5,7.1,0.5,,0,0,0,20.8,329.39,39.8,49.1,68.5,54.12,Partially cloudy
"Helsinki, Etelä-Suomi, Suomi",04/25/2020,8.7,-0.8,4.3,-5.1,,0,0,0,24.4,304.08,39.7,47.7,30.9,46.9,Partially cloudy
"Helsinki, Etelä-Suomi, Suomi",04/26/2020,8.6,0,4.9,-3.6,,0,0,0,20.3,296.21,39.5,48.3,59.2,55.83,Partially cloudy
"Helsinki, Etelä-Suomi, Suomi",04/27/2020,7.4,1,4.8,-2.3,,0,0,0,18.3,297.75,28.9,49,52.8,53.68,Partially cloudy
"Helsinki, Etelä-Suomi, Suomi",04/28/2020,6.1,2.6,4.4,-0.9,,0,0,0,18.3,129.88,32.4,48.8,86.7,65.93,Overcast
"Helsinki, Etelä-Suomi, Suomi",04/29/2020,5.5,1,2.6,-2.7,,4.98,0,0,17.8,223.71,32.1,32.4,63.4,85.08,"Rain, Partially cloudy"
"Helsinki, Etelä-Suomi, Suomi",04/30/2020,5.8,-0.9,3.1,-3.6,,0,0,0,14.6,96.96,25.2,47,30.7,62.12,Partially cloudy
"Helsinki, Etelä-Suomi, Suomi",05/01/2020,9.1,3.1,6.3,-1,,0,0,0,29.1,102.08,50.3,46.9,35.1,63.99,Partially cloudy
"Helsinki, Etelä-Suomi, Suomi",05/02/2020,11.9,5.9,8.5,1.8,,7.16,0,0,31.6,105.5,50.3,35.1,53.5,71.47,"Rain, Partially cloudy"
"Helsinki, Etelä-Suomi, Suomi",05/03/2020,11.5,5.8,8.4,2.7,,0,0,0,24.6,235.5,39.3,32.6,49.1,84.15,Partially cloudy
"Helsinki, Etelä-Suomi, Suomi",05/04/2020,8.4,4.6,6.4,1.3,,0,0,0,17.5,240.13,28.6,28.2,82.6,91.12,Overcast
"Helsinki, Etelä-Suomi, Suomi",05/05/2020,14.3,3.4,9.8,1.6,,0,0,0,15.1,195.58,21.8,31.7,6.8,67.56,Clear
"Helsinki, Etelä-Suomi, Suomi",05/06/2020,16,6.5,11.2,3.8,,0,0,0,28.5,308.21,43.2,47.2,22.3,44.99,Clear
"Helsinki, Etelä-Suomi, Suomi",05/07/2020,13.5,3.5,9.1,0.2,,0,0,0,21.3,310.83,43.1,45.9,16.2,45.55,Clear
"Helsinki, Etelä-Suomi, Suomi",05/08/2020,10.9,3,7.9,0,,0,0,0,21.7,232.29,33,44.6,30.9,58.01,Partially cloudy
"Helsinki, Etelä-Suomi, Suomi",05/09/2020,14.6,5.5,10.1,3,,0,0,0,23.5,294.75,43.1,38,15.1,48.46,Clear
"Helsinki, Etelä-Suomi, Suomi",05/10/2020,12.2,4.8,9.1,2.4,,0,0,0,22.4,131.38,36,47.3,7.8,58.26,Clear
"Helsinki, Etelä-Suomi, Suomi",05/11/2020,11,0.6,5.5,-4.5,,12.92,0,0,26.7,282.96,46.5,31.5,76.8,79.73,"Rain, Overcast"
"Helsinki, Etelä-Suomi, Suomi",05/12/2020,8.5,1.3,5.3,-2.7,,0.92,0,0,21.7,260.17,46.2,47.2,46.9,63.5,"Rain, Partially cloudy"
"Helsinki, Etelä-Suomi, Suomi",05/13/2020,6.9,2.1,4.6,-1.3,,1.85,0,0,22.4,191.63,53.9,44.6,38.6,79.18,"Rain, Partially cloudy"
"Helsinki, Etelä-Suomi, Suomi",05/14/2020,10.2,1.1,6.2,-2.1,,0,0,0,24.9,275.17,50.5,47.2,30,65.25,Partially cloudy
"Helsinki, Etelä-Suomi, Suomi",05/15/2020,9,0.3,5.6,-2.2,,9.27,0,0,27.9,256.29,43,39.9,55.4,71.71,"Rain, Partially cloudy"
"Helsinki, Etelä-Suomi, Suomi",05/16/2020,8.6,3.5,5.3,-0.1,,9.04,0,0,21.4,257.71,43.1,37.6,71.9,85.35,"Rain, Partially cloudy"
"Helsinki, Etelä-Suomi, Suomi",05/17/2020,8.5,1.6,5.3,-1,,0.31,0,0,17.7,266.67,32.6,46.8,32.8,77.58,"Rain, Partially cloudy"
"Helsinki, Etelä-Suomi, Suomi",05/18/2020,12.4,2.5,7.3,-1.3,,0.62,0,0,20.9,270,39.7,45.6,30.6,69.46,"Rain, Partially cloudy"
"Helsinki, Etelä-Suomi, Suomi",05/19/2020,10.8,3.2,6.9,1.2,,3.85,0,0,27.4,259.79,57.7,44.8,40.2,73.96,"Rain, Partially cloudy"
"Helsinki, Etelä-Suomi, Suomi",05/20/2020,12.3,2.8,8.2,-0.6,,0.1,0,0,31.1,305.75,50.5,47.3,29.6,66,"Rain, Partially cloudy"
"Helsinki, Etelä-Suomi, Suomi",05/21/2020,15.6,5.6,10.7,2.1,,0,0,0,29.8,246.04,54.5,43.9,24.9,45.44,Clear
"Helsinki, Etelä-Suomi, Suomi",05/22/2020,13.5,7.5,11.2,5.5,,0,0,0,17.6,140.63,32,45.2,16.4,46.43,Clear
"Helsinki, Etelä-Suomi, Suomi",05/23/2020,16.3,6.2,11.6,6.2,,0,0,0,24.2,176.42,35.9,46,0,50.58,Clear
"Helsinki, Etelä-Suomi, Suomi",05/24/2020,13,9.3,10.9,7.2,,0,0,0,20.5,152.17,32.6,45.5,41.8,59.55,Partially cloudy
"Helsinki, Etelä-Suomi, Suomi",05/25/2020,18.3,10.8,14.7,,,0,0,0,17.5,222.79,32.5,45.3,56.9,53.07,Partially cloudy
"Helsinki, Etelä-Suomi, Suomi",05/26/2020,20.9,9.2,16.7,8.2,,0,0,0,25.6,266.67,38.9,43.1,6,48.44,Clear
"Helsinki, Etelä-Suomi, Suomi",05/27/2020,18.9,10.1,14.9,,,0,0,0,19.6,254.04,33,39.7,24.8,56.65,Clear
"Helsinki, Etelä-Suomi, Suomi",05/28/2020,17.1,10.6,13.5,,,6.22,0,0,20.6,300.75,50.4,36.3,69.2,65.02,"Rain, Partially cloudy"
"Helsinki, Etelä-Suomi, Suomi",05/29/2020,17,8.2,13.5,5.8,,0,0,0,17.3,328.92,29.1,47.4,27.7,50.5,Partially cloudy
"Helsinki, Etelä-Suomi, Suomi",05/30/2020,19.9,10.5,15.9,,,0,0,0,22.1,98,43.4,45.5,13.5,45.81,Clear
"Helsinki, Etelä-Suomi, Suomi",05/31/2020,20,11.4,15,,,0,0,0,21.5,91.83,39.8,46.4,2.5,50.45,Clear
"Helsinki, Etelä-Suomi, Suomi",06/01/2020,15.7,8.7,12.6,7.8,,0,0,0,18.4,93.21,25.3,45.6,42.6,63.2,Partially cloudy
"Helsinki, Etelä-Suomi, Suomi",06/02/2020,14.8,7.6,12.5,6.3,,0,0,0,27.8,81.04,39.4,44.6,8,51.98,Clear
"Helsinki, Etelä-Suomi, Suomi",06/03/2020,17,8.9,14,7.1,,0,0,0,28.8,77.83,46.6,45,2,48.46,Clear
"Helsinki, Etelä-Suomi, Suomi",06/04/2020,18.8,12.1,14.4,,,0.5,0,0,31.9,98.91,46.6,37.8,73,66.41,"Rain, Partially cloudy"
"Helsinki, Etelä-Suomi, Suomi",06/05/2020,18.5,11.1,13.3,,,4.39,0,0,18.1,237.67,41,23,65.7,86.58,"Rain, Partially cloudy"
"Helsinki, Etelä-Suomi, Suomi",06/06/2020,16.3,11.8,13.7,,,8.22,0,0,28.7,162.92,67.9,37.1,48.9,79.15,"Rain, Partially cloudy"
"Helsinki, Etelä-Suomi, Suomi",06/07/2020,18.4,11.5,14.4,,,0,0,0,24.1,169.5,43.7,43.7,19.4,65.69,Clear
"Helsinki, Etelä-Suomi, Suomi",06/08/2020,18.6,13.4,15.5,,,0.85,0,0,17.4,170.25,32.6,37.4,81,84.96,"Rain, Overcast"
"Helsinki, Etelä-Suomi, Suomi",06/09/2020,18.8,12.8,15.4,,,0.69,0,0,20.9,194.5,35.8,42.8,87.4,79.05,"Rain, Overcast"
"Helsinki, Etelä-Suomi, Suomi",06/10/2020,23.3,12.8,18.3,,,0,0,0,17.5,205.17,36.7,40.2,28.8,65.81,Partially cloudy
"Helsinki, Etelä-Suomi, Suomi",06/11/2020,23,14,17.4,,,0,0,0,22.1,83.67,39.6,42.9,2.7,63.92,Clear
"Helsinki, Etelä-Suomi, Suomi",06/12/2020,22.5,14.4,18.5,,,0,0,0,32.3,67.46,44.6,42.6,0,52.31,Clear
"Helsinki, Etelä-Suomi, Suomi",06/13/2020,22.1,11.8,17.6,,,0,0,0,17.2,102.08,29.5,45.3,3.5,49.69,Clear
"Helsinki, Etelä-Suomi, Suomi",06/14/2020,22,11.4,18.1,,,0,0,0,23.1,82.21,37.5,44.6,0,47.62,Clear
"Helsinki, Etelä-Suomi, Suomi",06/15/2020,23,15.3,19.6,,,0,0,0,27.2,72.42,41,41.3,16,56.72,Clear
"Helsinki, Etelä-Suomi, Suomi",06/16/2020,24,17,20.7,,,0.01,0,0,16.1,90.96,28.6,36.1,58.7,74.37,"Rain, Partially cloudy"
"Helsinki, Etelä-Suomi, Suomi",06/17/2020,23.4,17.1,20.6,,,0.19,0,0,17.3,173.42,25.3,32.7,30.7,75.61,"Rain, Partially cloudy"
"Helsinki, Etelä-Suomi, Suomi",06/18/2020,23.2,18.1,20.1,,,25.26,0,0,14,208.88,28.3,24.8,42,83.6,"Rain, Partially cloudy"
"Helsinki, Etelä-Suomi, Suomi",06/19/2020,24.1,17.1,21.5,,,0,0,0,17.9,90,35.8,43.6,0.1,61.63,Clear
"Helsinki, Etelä-Suomi, Suomi",06/20/2020,21.2,16.6,19.3,,,0,0,0,25,87.5,43,41.8,4.1,67.13,Clear
"Helsinki, Etelä-Suomi, Suomi",06/21/2020,19.1,14.2,17.4,,,0,0,0,22.4,94.25,39.4,44.7,0.4,60.17,Clear
"Helsinki, Etelä-Suomi, Suomi",06/22/2020,20.4,11.8,17.4,,,0,0,0,15,103.71,28.7,44.3,0,63.37,Clear
"Helsinki, Etelä-Suomi, Suomi",06/23/2020,23.3,12.1,19.6,,,0,0,0,15.1,256.96,25.5,43.3,0,56.78,Clear
"Helsinki, Etelä-Suomi, Suomi",06/24/2020,25.2,15.9,21.8,,,0,0,0,11.3,242.52,18.4,40.2,0.7,60.47,Clear
"Helsinki, Etelä-Suomi, Suomi",06/25/2020,27.7,17.1,23.6,,27.4,0,0,0,21.5,258.5,29,40.7,0.3,47.63,Clear
"Helsinki, Etelä-Suomi, Suomi",06/26/2020,26.4,17,22.2,,,0,0,0,21.7,241.13,32.6,41.1,0,56.28,Clear
"Helsinki, Etelä-Suomi, Suomi",06/27/2020,27.9,16.3,23,,27.1,0,0,0,22,234.79,36.1,42.4,0.4,55.04,Clear
"Helsinki, Etelä-Suomi, Suomi",06/28/2020,24.6,18.7,21.3,,,0,0,0,25.7,127,39.5,43.1,1.8,67.98,Clear
"Helsinki, Etelä-Suomi, Suomi",06/29/2020,20.3,17.5,18.7,,,1,0,0,28.8,109.04,50,40.9,33.9,68.83,"Rain, Partially cloudy"
"Helsinki, Etelä-Suomi, Suomi",06/30/2020,17.8,13.3,16,,,33.71,0,0,26.3,274.04,50.2,16.6,73.8,91.55,"Rain, Partially cloudy"
"Helsinki, Etelä-Suomi, Suomi",07/01/2020,17.9,15.3,16.5,,,3.46,0,0,32.1,228.38,54,34.7,65.6,81.02,"Rain, Partially cloudy"
"Helsinki, Etelä-Suomi, Suomi",07/02/2020,18.4,13.5,16,,,1.25,0,0,17.5,163.92,36.5,42.2,72.4,71.57,"Rain, Partially cloudy"
"Helsinki, Etelä-Suomi, Suomi",07/03/2020,18.7,15.1,16.9,,,0.5,0,0,29.6,232.42,50.2,39.6,28.7,71.5,"Rain, Partially cloudy"
"Helsinki, Etelä-Suomi, Suomi",07/04/2020,16.7,14.3,15.6,,,2.4,0,0,31.3,212.38,50.4,30.7,81.7,83.22,"Rain, Overcast"
"Helsinki, Etelä-Suomi, Suomi",07/05/2020,17.4,13.1,15.5,,,14.24,0,0,29.6,222.33,54.1,23,93.8,92.08,"Rain, Overcast"
"Helsinki, Etelä-Suomi, Suomi",07/06/2020,17.4,14.8,16.1,,,0.41,0,0,33.5,222.21,58.3,27.9,43.2,76.14,"Rain, Partially cloudy"
"Helsinki, Etelä-Suomi, Suomi",07/07/2020,16.3,13.4,14.5,,,2.87,0,0,32.4,210.13,47.4,35.6,42.7,81.21,"Rain, Partially cloudy"
"Helsinki, Etelä-Suomi, Suomi",07/08/2020,18.1,12.4,14.4,,,0.69,0,0,18,204.42,32.6,41.5,37.2,79.73,"Rain, Partially cloudy"
"Helsinki, Etelä-Suomi, Suomi",07/09/2020,16.6,11.1,14.1,,,0.57,0,0,29.5,219.08,50,43.8,24.1,74.57,Rain
"Helsinki, Etelä-Suomi, Suomi",07/10/2020,18,12.6,15.3,,,0,0,0,21.3,192.88,32.5,42.8,18.5,76.42,Clear
"Helsinki, Etelä-Suomi, Suomi",07/11/2020,15.8,13.1,14.3,,,14.86,0,0,25,174.17,43.3,33.7,83.9,88.5,"Rain, Overcast"
"Helsinki, Etelä-Suomi, Suomi",07/12/2020,19,11.8,15.5,,,0,0,0,24.7,230.63,36.2,43.6,0.7,77.73,Clear
"Helsinki, Etelä-Suomi, Suomi",07/13/2020,17.5,12.7,14.7,,,2.92,0,0,20.1,221.88,32.6,33.6,44.1,81.61,"Rain, Partially cloudy"
"Helsinki, Etelä-Suomi, Suomi",07/14/2020,19.1,9.4,14.8,8.5,,3.94,0,0,27.9,251.92,39.4,42,16.5,75.18,Rain
"Helsinki, Etelä-Suomi, Suomi",07/15/2020,21.1,10.8,17.4,,,0,0,0,14.9,256.46,25.4,44.6,3.2,61.72,Clear
"Helsinki, Etelä-Suomi, Suomi",07/16/2020,24.2,12.6,19.4,,,0,0,0,18.1,243.79,32.5,46.6,24,57.05,Clear
"Helsinki, Etelä-Suomi, Suomi",07/17/2020,24.2,14.4,20.8,,,0,0,0,22.1,288.5,35.8,44.9,11.4,61.91,Clear
"Helsinki, Etelä-Suomi, Suomi",07/18/2020,23.4,16,20.3,,,0,0,0,24.3,238.5,32.8,45.3,0,68.01,Clear
"Helsinki, Etelä-Suomi, Suomi",07/19/2020,23.2,15.8,20.1,,,0,0,0,17.5,227.21,28.8,42.5,15.2,70.81,Clear
"Helsinki, Etelä-Suomi, Suomi",07/20/2020,23.9,18.3,20.7,,,0,0,0,11.6,220.21,18.2,45.3,68.8,69.38,Partially cloudy
"Helsinki, Etelä-Suomi, Suomi",07/21/2020,21.7,15.9,19.1,,,0.01,0,0,24.5,197,43,41.5,21.3,75.98,Rain
"Helsinki, Etelä-Suomi, Suomi",07/22/2020,19.2,13.4,16,,,0.29,0,0,35.1,299.5,57.3,46.4,45.5,67.75,"Rain, Partially cloudy"
"Helsinki, Etelä-Suomi, Suomi",07/23/2020,16.6,12.4,14.2,,,0.77,0,0,25.2,265.33,46.5,44.6,65.8,67.88,"Rain, Partially cloudy"
"Helsinki, Etelä-Suomi, Suomi",07/24/2020,17.2,11.5,14.4,,,7.07,0,0,24.8,207.75,50.1,40.2,82.4,77.98,"Rain, Overcast"
"Helsinki, Etelä-Suomi, Suomi",07/25/2020,18.2,13.3,15.4,,,4.68,0,0,22.2,208.79,39.3,33.1,53.9,83.42,"Rain, Partially cloudy"
"Helsinki, Etelä-Suomi, Suomi",07/26/2020,21.7,12.3,17.3,,,0,0,0,18.6,180.75,29,45.8,3.5,71.79,Clear
"Helsinki, Etelä-Suomi, Suomi",07/27/2020,21.5,15.6,18.8,,,0,0,0,21.2,106.7,32.3,44.9,25.5,70.41,Partially cloudy
"Helsinki, Etelä-Suomi, Suomi",07/28/2020,18.7,16.5,17.6,,,11.8,0,0,14.6,110.08,25.1,17.1,82.3,93.2,"Rain, Overcast"
"Helsinki, Etelä-Suomi, Suomi",07/29/2020,20.2,14.8,17,,,11.95,0,0,19,165.21,36,19.5,52,88.78,"Rain, Partially cloudy"
"Helsinki, Etelä-Suomi, Suomi",07/30/2020,18,14.2,16.1,,,0.06,0,0,22.9,218.38,39.7,40.4,27.9,82.69,"Rain, Partially cloudy"
"Helsinki, Etelä-Suomi, Suomi",07/31/2020,22.2,13.2,18.1,,,0,0,0,21,235.67,36.4,43.1,28.6,69.78,Partially cloudy
"Helsinki, Etelä-Suomi, Suomi",08/01/2020,20.6,11.9,16.7,,,0,0,0,20.5,178.78,28.8,45.8,19.9,64.48,Clear
