Name,Date time,Maximum Temperature,Minimum Temperature,Temperature,Wind Chill,Heat Index,Precipitation,Snow,Snow Depth,Wind Speed,Wind Direction,Wind Gust,Visibility,Cloud Cover,Relative Humidity,Conditions
"Antwerpen, Vlaanderen, België",03/01/2020,9.1,5.5,7.2,1.1,,0.98,0,0,29.2,222.5,58.8,31.7,70.8,67.64,"Rain, Partially cloudy"
"Antwerpen, Vlaanderen, België",03/02/2020,8,4.6,6.2,1.4,,12.63,0,0,23.9,219.88,39.3,16.8,72.7,87.34,"Rain, Partially cloudy"
"Antwerpen, Vlaanderen, België",03/03/2020,8.5,2.2,5.2,-1.2,,1.53,0,0,21.1,224.75,36.5,24.4,39.9,78.76,"Rain, Partially cloudy"
"Antwerpen, Vlaanderen, België",03/04/2020,9,4,6.6,1.3,,1.67,0,0,17.6,208.79,29.5,20.7,68.5,80.7,"Rain, Partially cloudy"
"Antwerpen, Vlaanderen, België",03/05/2020,7,5,6,1.9,,28.58,0,0,21.2,93.54,35.6,6.8,96.4,94.9,"Rain, Overcast"
"Antwerpen, Vlaanderen, België",03/06/2020,8,4.6,6.1,0.5,,18.03,0,0,24.8,291.29,37.1,10.7,92.9,87.39,"Rain, Overcast"
"Antwerpen, Vlaanderen, België",03/07/2020,10.6,2.6,7.1,0.5,,1.23,0,0,21.6,243.25,40.2,18.9,61.1,74.46,"Rain, Partially cloudy"
"Antwerpen, Vlaanderen, België",03/08/2020,10.1,7.6,8.7,4.7,,5.09,0,0,28.9,204.92,52.2,21.2,62.8,82.87,"Rain, Partially cloudy"
"Antwerpen, Vlaanderen, België",03/09/2020,10,6.1,8.1,3.2,,0.2,0,0,22.2,237,38.9,25.2,68,76.25,"Rain, Partially cloudy"
"Antwerpen, Vlaanderen, België",03/10/2020,13.1,7,10.5,2.8,,35.16,0,0,35.7,232.58,61.2,17,96.3,89.18,"Rain, Overcast"
"Antwerpen, Vlaanderen, België",03/11/2020,14.6,9.7,12,7.2,,15.06,0,0,32,248.96,57.1,14.9,90.6,88.98,"Rain, Overcast"
"Antwerpen, Vlaanderen, België",03/12/2020,13.6,6.6,9.7,2.6,,9.24,0,0,38.9,248.5,69.2,28.4,56.4,63.11,"Rain, Partially cloudy"
"Antwerpen, Vlaanderen, België",03/13/2020,9.7,6.6,7.9,2.5,,2.63,0,0,28.4,258.96,48.1,19.3,59.1,69.38,"Rain, Partially cloudy"
"Antwerpen, Vlaanderen, België",03/14/2020,10.6,1.9,7,3,,1.04,0,0,21.2,164.33,39.2,19.5,65.6,79.35,"Rain, Partially cloudy"
"Antwerpen, Vlaanderen, België",03/15/2020,13.1,7.2,9.9,5,,0.1,0,0,25.1,193.29,47,20.7,78.4,76.38,"Rain, Overcast"
"Antwerpen, Vlaanderen, België",03/16/2020,12,4.2,9.2,5.3,,0.1,0,0,14,285.25,22.7,18.4,66.5,77.66,"Rain, Partially cloudy"
"Antwerpen, Vlaanderen, België",03/17/2020,14.1,4.5,9.3,2,,0,0,0,17.9,227.96,30.5,26.3,38.7,63.49,Partially cloudy
"Antwerpen, Vlaanderen, België",03/18/2020,16.1,6.7,11.5,4.5,,0,0,0,21.5,226.38,34.7,32.5,32.1,55.6,Partially cloudy
"Antwerpen, Vlaanderen, België",03/19/2020,14,4.8,9.7,5.8,,0,0,0,17.5,180.25,26,12.7,62.9,79.46,Partially cloudy
"Antwerpen, Vlaanderen, België",03/20/2020,9,5,7.2,0.8,,2.69,0,0,24.4,43.29,38.3,18,92,81.47,"Rain, Overcast"
"Antwerpen, Vlaanderen, België",03/21/2020,10,3.5,6.2,-0.8,,4.11,0,0,28.6,67.08,47.4,31.3,35.1,65.9,"Rain, Partially cloudy"
"Antwerpen, Vlaanderen, België",03/22/2020,11,0.6,5.6,-4.2,,0,0,0,31.8,85.25,49.6,51.3,0,49.3,Clear
"Antwerpen, Vlaanderen, België",03/23/2020,10.7,0.1,5.2,-4.1,,0,0,0,24.5,98.75,38.2,47.1,0,44.12,Clear
"Antwerpen, Vlaanderen, België",03/24/2020,12.1,-2.4,5,-5.1,,0,0,0,20.9,107.29,33.2,43.1,13.3,43.74,Clear
"Antwerpen, Vlaanderen, België",03/25/2020,12.1,-1.3,5.6,-4,,0,0,0,21.6,80.25,34.9,43.1,12.9,39.51,Clear
"Antwerpen, Vlaanderen, België",03/26/2020,11.6,1.1,6.9,-2.3,,0,0,0,25.1,64.67,45.2,31.2,2.2,39.91,Clear
"Antwerpen, Vlaanderen, België",03/27/2020,14.5,2.9,8.4,-0.6,,0,0,0,21.5,39.5,36,20.3,0.2,51.67,Clear
"Antwerpen, Vlaanderen, België",03/28/2020,13.9,5.4,8.6,2,,0,0,0,31.6,24.38,48.3,16.3,1,62.05,Clear
"Antwerpen, Vlaanderen, België",03/29/2020,8,1.6,5.4,-2.4,,0.1,0,0,39.6,50.54,67.9,30.3,47.1,50.77,"Rain, Partially cloudy"
"Antwerpen, Vlaanderen, België",03/30/2020,8.6,-0.2,4.5,-3,,0.32,0,0,20.5,180.54,48.3,36.1,50,63.29,"Rain, Partially cloudy"
"Antwerpen, Vlaanderen, België",03/31/2020,9.6,1.5,5.4,-1.7,,0.2,0,0,21.4,44.79,35.6,26,11,64.23,Rain
"Antwerpen, Vlaanderen, België",04/01/2020,10.7,-0.4,5.1,-0.4,,0,0,0,17.4,180.58,32.1,37.4,0.3,61.26,Clear
"Antwerpen, Vlaanderen, België",04/02/2020,10.1,-0.2,6.4,0.8,,0,0,0,18.2,255.67,32,24,66.6,67.53,Partially cloudy
"Antwerpen, Vlaanderen, België",04/03/2020,10.5,5.5,8.2,3.8,,0.4,0,0,28.3,254.25,40.2,29.9,55.6,60.35,"Rain, Partially cloudy"
"Antwerpen, Vlaanderen, België",04/04/2020,15.2,0.7,8.4,5.7,,0,0,0,14.2,121.92,27,32.4,18.9,57.36,Clear
"Antwerpen, Vlaanderen, België",04/05/2020,21.2,2.9,12.1,0,,0,0,0,24.5,126.75,36.2,31.3,0,49.84,Clear
"Antwerpen, Vlaanderen, België",04/06/2020,21.6,6.8,13.8,5.1,,0,0,0,21.9,197.38,42.7,35.3,25.4,53.97,Partially cloudy
"Antwerpen, Vlaanderen, België",04/07/2020,20,4.1,13.4,,,0,0,0,17.8,117.96,28.7,15.3,9,67.08,Clear
"Antwerpen, Vlaanderen, België",04/08/2020,24.4,7.8,16.3,,,0,0,0,7.4,139.09,20,17.2,27.4,56.53,Partially cloudy
"Antwerpen, Vlaanderen, België",04/09/2020,21,10.4,15.8,,,0,0,0,17.9,37.71,32.1,18,21.9,59.19,Clear
"Antwerpen, Vlaanderen, België",04/10/2020,20.5,8,14.4,6.8,,0,0,0,17.9,58.08,32.5,24.4,8.5,59.16,Clear
"Antwerpen, Vlaanderen, België",04/11/2020,22,7,14.9,5,,0,0,0,13.6,163,23.8,36.1,4.5,46.28,Clear
"Antwerpen, Vlaanderen, België",04/12/2020,22.5,5.1,15,,,0.1,0,0,14.6,186.83,31.7,22.7,33.9,56.74,"Rain, Partially cloudy"
"Antwerpen, Vlaanderen, België",04/13/2020,14.8,5.6,9.4,2.2,,2.52,0,0,28.4,55.25,50,21.1,60.2,58.66,"Rain, Partially cloudy"
"Antwerpen, Vlaanderen, België",04/14/2020,10.1,3.9,7.1,2.6,,0,0,0,17.1,60.71,38,28.1,63.7,54.94,Partially cloudy
"Antwerpen, Vlaanderen, België",04/15/2020,17.5,1.8,9.6,-0.3,,0,0,0,10.6,90.42,21,18.2,27.7,56.72,Partially cloudy
"Antwerpen, Vlaanderen, België",04/16/2020,23.6,3.2,14.3,6.4,,0,0,0,10.7,127.83,21.9,19,21.7,51.17,Clear
"Antwerpen, Vlaanderen, België",04/17/2020,19.7,8.5,14.1,6.3,,0,0,0,21.4,58.5,35.5,21,15.6,56.92,Clear
"Antwerpen, Vlaanderen, België",04/18/2020,14,8.5,11.1,6.6,,6.6,0,0,14.4,204.04,29.3,15.7,67.4,74.97,"Rain, Partially cloudy"
"Antwerpen, Vlaanderen, België",04/19/2020,17.5,8.7,12.7,7,,0.23,0,0,21,135.58,32.6,18.9,64.2,70.29,"Rain, Partially cloudy"
"Antwerpen, Vlaanderen, België",04/20/2020,19.1,7.5,13.7,4.5,,0.1,0,0,32,73.79,53.5,41,0.1,39.89,Rain
"Antwerpen, Vlaanderen, België",04/21/2020,20.1,8.6,14.8,6.2,,0.1,0,0,28.9,75.75,53.6,45.1,0.3,37.5,Rain
"Antwerpen, Vlaanderen, België",04/22/2020,21.7,9,15.8,7.3,,0.02,0,0,25.2,71.79,47.5,32.1,0.1,39.3,Rain
"Antwerpen, Vlaanderen, België",04/23/2020,23.1,8.5,16.4,,,0.02,0,0,13.5,143.71,26.8,29.9,5.7,44.29,Rain
"Antwerpen, Vlaanderen, België",04/24/2020,19,8.2,13.3,5.9,,0,0,0,21.1,303.65,31.2,15.8,27.9,64.73,Partially cloudy
"Antwerpen, Vlaanderen, België",04/25/2020,14.6,7.6,10.6,5.2,,0,0,0,13.9,70.13,26.2,25.4,46.2,64.2,Partially cloudy
"Antwerpen, Vlaanderen, België",04/26/2020,18,4.4,11.1,2.8,,0,0,0,13.7,135.13,25.7,21.5,0.9,67.34,Clear
"Antwerpen, Vlaanderen, België",04/27/2020,21.6,5,14,,,0,0,0,17.9,208,31.3,17,28.6,58.06,Partially cloudy
"Antwerpen, Vlaanderen, België",04/28/2020,15.1,10,11.9,,,17.24,0,0,14,141.25,24.3,6.4,73.2,87.2,"Rain, Partially cloudy"
"Antwerpen, Vlaanderen, België",04/29/2020,16.5,10.2,12.6,,,3.84,0,0,21.8,219.04,42.4,20,73.1,77.12,"Rain, Partially cloudy"
"Antwerpen, Vlaanderen, België",04/30/2020,16,8.6,11.5,6.3,,8.01,0,0,24.8,207.13,58.2,35.3,65.2,71.34,"Rain, Partially cloudy"
"Antwerpen, Vlaanderen, België",05/01/2020,13.8,8.5,10.5,5.9,,11.74,0,0,24.9,240.83,54.7,35,63.6,78.18,"Rain, Partially cloudy"
"Antwerpen, Vlaanderen, België",05/02/2020,14,7.5,10.6,5.9,,4.24,0,0,27.9,267.08,46.8,28.9,44.2,72.68,"Rain, Partially cloudy"
"Antwerpen, Vlaanderen, België",05/03/2020,16.1,4.8,11.6,5.1,,0.3,0,0,13.8,165.13,23,28.5,60.7,65.03,"Rain, Partially cloudy"
"Antwerpen, Vlaanderen, België",05/04/2020,16.6,9.1,12.3,7.4,,3.17,0,0,21,43,30.6,24.2,59.5,72.17,"Rain, Partially cloudy"
"Antwerpen, Vlaanderen, België",05/05/2020,15.5,6,10.5,2.6,,0,0,0,21.5,59.25,37.9,35.1,20.3,55.9,Clear
"Antwerpen, Vlaanderen, België",05/06/2020,18.1,4.8,12.2,3.1,,0,0,0,13.8,64.83,31.9,32.5,1.6,50.67,Clear
"Antwerpen, Vlaanderen, België",05/07/2020,21.1,5.5,14.4,6,,0,0,0,13.8,125.33,20.7,23.8,13.4,53.03,Clear
"Antwerpen, Vlaanderen, België",05/08/2020,22.1,8.4,16.7,,,0,0,0,13.8,74.17,22,13.4,46.3,49.33,Partially cloudy
"Antwerpen, Vlaanderen, België",05/09/2020,24.5,10.9,18.4,,,0,0,0,17.6,70,34.2,14.6,32.1,46.12,Partially cloudy
"Antwerpen, Vlaanderen, België",05/10/2020,21.5,8.2,15.1,4.5,,0.62,0,0,29,116.33,54.7,14.3,82.6,72.08,"Rain, Overcast"
"Antwerpen, Vlaanderen, België",05/11/2020,12.6,6.5,9,2.3,,1.36,0,0,35.7,29.54,60.3,30,57,51.56,"Rain, Partially cloudy"
"Antwerpen, Vlaanderen, België",05/12/2020,11.6,3,8.1,3.3,,0,0,0,11,274.63,45.9,34.2,46,58.77,Partially cloudy
"Antwerpen, Vlaanderen, België",05/13/2020,13.3,4.6,9.1,4.3,,1,0,0,21.7,131.5,41.8,34.6,49.8,61.07,"Rain, Partially cloudy"
"Antwerpen, Vlaanderen, België",05/14/2020,14,3.3,9,0.6,,0,0,0,21.6,30.46,40.9,38.2,7.4,51.59,Clear
"Antwerpen, Vlaanderen, België",05/15/2020,16,3.9,9.9,1.9,,0,0,0,20.7,81.33,35.2,38.4,13.4,56.24,Clear
"Antwerpen, Vlaanderen, België",05/16/2020,16.1,2.7,11,,,0,0,0,24.6,260.04,35.9,32,31.1,61.22,Partially cloudy
"Antwerpen, Vlaanderen, België",05/17/2020,19.6,5,13.5,,,0,0,0,16.9,264.25,26.9,28.5,15.5,56.76,Clear
"Antwerpen, Vlaanderen, België",05/18/2020,23.1,8.2,16.1,8.7,,0,0,0,20.8,254.75,35.1,35.1,25.4,53.08,Partially cloudy
"Antwerpen, Vlaanderen, België",05/19/2020,22.6,10.6,16.9,,,0,0,0,20.9,295.42,33.9,37.2,20.7,53.79,Clear
"Antwerpen, Vlaanderen, België",05/20/2020,23.6,10.2,18.1,,,0,0,0,14.3,74.33,26.8,26.7,19.7,63.75,Clear
"Antwerpen, Vlaanderen, België",05/21/2020,27.6,11.9,20,,27,0,0,0,7.4,144.71,21.6,23.5,26.6,58.67,Partially cloudy
"Antwerpen, Vlaanderen, België",05/22/2020,24,15.9,19.1,,,1.45,0,0,28.3,212.08,45.9,32.4,62.2,60.77,"Rain, Partially cloudy"
"Antwerpen, Vlaanderen, België",05/23/2020,19.1,13.1,15.7,,,0.1,0,0,32.4,251.17,57.2,20.1,44.7,49.32,"Rain, Partially cloudy"
"Antwerpen, Vlaanderen, België",05/24/2020,16.9,11,14,,,0.42,0,0,27,271.42,43.4,17,71.9,71.54,"Rain, Partially cloudy"
"Antwerpen, Vlaanderen, België",05/25/2020,21.1,13,17,,,0.2,0,0,20.9,279.75,29.3,22.8,29,63.83,"Rain, Partially cloudy"
"Antwerpen, Vlaanderen, België",05/26/2020,24.1,8,17.3,,,0,0,0,20.7,246.33,27.8,26.1,32.9,57.97,Partially cloudy
"Antwerpen, Vlaanderen, België",05/27/2020,22.9,12.4,17.5,,,0,0,0,24.4,252.04,38.6,32.5,12.8,53.79,Clear
"Antwerpen, Vlaanderen, België",05/28/2020,21.5,9.5,15.9,7.9,,0,0,0,20.7,63.75,37.5,28.6,8.7,50.54,Clear
"Antwerpen, Vlaanderen, België",05/29/2020,22.6,8.5,16.6,7.4,,0,0,0,17.8,59.54,33.1,30.5,8.5,47.98,Clear
"Antwerpen, Vlaanderen, België",05/30/2020,24.2,11.4,18.7,,,0,0,0,24.2,74.33,38.8,35.5,2,42.17,Clear
"Antwerpen, Vlaanderen, België",05/31/2020,22.5,11.4,17.7,,,0.02,0,0,21.5,67.92,40.8,45.6,9.9,42.53,Rain
"Antwerpen, Vlaanderen, België",06/01/2020,26.1,12.3,19.7,,,0,0,0,17.9,63.33,35.4,44.1,17.8,45.78,Clear
"Antwerpen, Vlaanderen, België",06/02/2020,26.6,11.9,20.7,,,0,0,0,21,246.71,29.1,38.4,25.4,46.79,Partially cloudy
"Antwerpen, Vlaanderen, België",06/03/2020,21.6,12.9,17.2,,,0.4,0,0,20.9,295.13,30.7,19.7,52.2,67.78,"Rain, Partially cloudy"
"Antwerpen, Vlaanderen, België",06/04/2020,15.4,11.6,13.7,,,1.86,0,0,28,328.55,42.3,25.8,94.1,74.77,"Rain, Overcast"
"Antwerpen, Vlaanderen, België",06/05/2020,14,8.6,11,6.9,,13.12,0,0,30.9,239.96,52.7,30.6,77.3,80.76,"Rain, Overcast"
"Antwerpen, Vlaanderen, België",06/06/2020,16.5,8.1,12.1,6.2,,5.4,0,0,35.6,226.33,59.2,32.9,55.1,63.84,"Rain, Partially cloudy"
"Antwerpen, Vlaanderen, België",06/07/2020,18.1,10.5,13.7,,,4.33,0,0,24.8,263.71,45.8,33.5,70.1,70.42,"Rain, Partially cloudy"
"Antwerpen, Vlaanderen, België",06/08/2020,15.3,11.7,13.3,,,15.27,0,0,24.3,269.75,34.7,26.3,82.8,83.98,"Rain, Overcast"
"Antwerpen, Vlaanderen, België",06/09/2020,16,11.5,13.6,,,1.6,0,0,14.5,100.04,28.3,25.5,91.2,69.7,"Rain, Overcast"
"Antwerpen, Vlaanderen, België",06/10/2020,17.4,10.3,14.1,,,0.05,0,0,10.6,188.67,24.9,28.3,84.4,69.71,"Rain, Overcast"
"Antwerpen, Vlaanderen, België",06/11/2020,19.2,13.6,16.4,,,0.75,0,0,17.2,53.75,27.1,15.1,65.7,75.16,"Rain, Partially cloudy"
"Antwerpen, Vlaanderen, België",06/12/2020,23.2,14,18.5,,,14.05,0,0,20.5,119.04,30.9,22.9,62.7,70.58,"Rain, Partially cloudy"
"Antwerpen, Vlaanderen, België",06/13/2020,25.2,14.5,20,,,17.91,0,0,10.7,150.96,27.7,27.6,36.7,69.68,"Rain, Partially cloudy"
"Antwerpen, Vlaanderen, België",06/14/2020,22.9,17,20,,,0,0,0,17.5,256.08,28.2,38.3,70.3,64.47,Partially cloudy
"Antwerpen, Vlaanderen, België",06/15/2020,25.1,15.2,20.4,,,1.52,0,0,17,167.83,24.7,26.6,49.4,66.97,"Rain, Partially cloudy"
"Antwerpen, Vlaanderen, België",06/16/2020,24.5,14,19.5,,,9.56,0,0,17.4,171.58,29.6,25.2,62,70.19,"Rain, Partially cloudy"
"Antwerpen, Vlaanderen, België",06/17/2020,25.1,15.8,18.5,,,29.25,0,0,17.7,150.25,33.7,12.6,76.3,81.17,"Rain, Overcast"
"Antwerpen, Vlaanderen, België",06/18/2020,22.8,15,18.3,,,26.33,0,0,17.2,227.58,31.2,24.1,54.7,73.78,"Rain, Partially cloudy"
"Antwerpen, Vlaanderen, België",06/19/2020,21.5,13.9,17.8,,,2.87,0,0,20.9,222.25,45.1,27.3,34.9,71.43,"Rain, Partially cloudy"
"Antwerpen, Vlaanderen, België",06/20/2020,22.4,13,17.7,,,0,0,0,11,224.92,23.4,37.7,27,63.46,Partially cloudy
"Antwerpen, Vlaanderen, België",06/21/2020,23.6,12.8,18.5,,,3.33,0,0,21.6,189.33,39.6,28.1,58.6,70.6,"Rain, Partially cloudy"
"Antwerpen, Vlaanderen, België",06/22/2020,22.1,12.2,17.7,,,2.94,0,0,14.2,232.5,29.2,20.3,16.2,69.51,Rain
"Antwerpen, Vlaanderen, België",06/23/2020,26.5,11.5,20.5,,,0,0,0,11,119.75,25.3,25.2,6,61.03,Clear
"Antwerpen, Vlaanderen, België",06/24/2020,29.2,16.5,23.6,,28.9,0,0,0,17.9,81.54,30.5,31.4,20.8,52.88,Clear
"Antwerpen, Vlaanderen, België",06/25/2020,28.8,16.1,23.5,,28.6,0,0,0,18,99.46,37.1,37.9,3.8,54.69,Clear
"Antwerpen, Vlaanderen, België",06/26/2020,29.4,17.8,24.1,,30.1,11.5,0,0,17.4,149.04,31.5,33.8,35.9,62.93,"Rain, Partially cloudy"
"Antwerpen, Vlaanderen, België",06/27/2020,24.9,18.5,21.1,,,3.07,0,0,28.1,235.58,49.6,27.9,64.5,72.79,"Rain, Partially cloudy"
"Antwerpen, Vlaanderen, België",06/28/2020,22.1,16,18.6,,,0.75,0,0,28.1,237.58,47.2,37,55.8,55.47,"Rain, Partially cloudy"
"Antwerpen, Vlaanderen, België",06/29/2020,19.1,14,16.7,,,0.1,0,0,29.4,234.67,58,35.3,50.2,54.98,"Rain, Partially cloudy"
"Antwerpen, Vlaanderen, België",06/30/2020,19.6,13.2,16.2,,,8.09,0,0,25.1,219.21,54.2,23.3,73,78.47,"Rain, Partially cloudy"
"Antwerpen, Vlaanderen, België",07/01/2020,21,16.5,18.3,,,42.17,0,0,25,242.58,42.8,19.5,75.4,82.44,"Rain, Overcast"
"Antwerpen, Vlaanderen, België",07/02/2020,20,14.2,17.3,,,6.42,0,0,21.4,251.54,41.1,31.2,55.5,71.85,"Rain, Partially cloudy"
"Antwerpen, Vlaanderen, België",07/03/2020,22,14.1,17.6,,,0,0,0,25.4,237.29,45.7,23.2,67.7,67.31,Partially cloudy
"Antwerpen, Vlaanderen, België",07/04/2020,20,15.2,17.4,,,5.73,0,0,25,218,48.5,23.7,86.6,81.07,"Rain, Overcast"
"Antwerpen, Vlaanderen, België",07/05/2020,21.7,15.1,18.7,,,1.78,0,0,36.2,240.83,64.6,29.8,70.5,74.51,"Rain, Partially cloudy"
"Antwerpen, Vlaanderen, België",07/06/2020,18.6,13,15.5,,,4.26,0,0,31.7,272.88,50.7,25.6,46.9,67.2,"Rain, Partially cloudy"
"Antwerpen, Vlaanderen, België",07/07/2020,20.1,13.9,17.1,,,0,0,0,20.9,256.67,34,46.8,77.6,63.39,Overcast
"Antwerpen, Vlaanderen, België",07/08/2020,17.2,12.7,15.3,,,21.75,0,0,14,234.42,23.9,12.5,96.4,89.79,"Rain, Overcast"
"Antwerpen, Vlaanderen, België",07/09/2020,21.4,16.5,18.5,,,3.65,0,0,24.8,245.08,39.2,24.1,86.9,81.76,"Rain, Overcast"
"Antwerpen, Vlaanderen, België",07/10/2020,18.5,13.2,16.6,,,4.63,0,0,24.3,295.25,33.8,31.1,66.5,74.44,"Rain, Partially cloudy"
"Antwerpen, Vlaanderen, België",07/11/2020,19.2,8.5,14.9,,,0.3,0,0,21.3,278.33,34,29.1,24.9,72.21,Rain
"Antwerpen, Vlaanderen, België",07/12/2020,21,10.3,16.3,,,0,0,0,14.3,108.13,24.2,35.5,29.9,66.21,Partially cloudy
"Antwerpen, Vlaanderen, België",07/13/2020,23.5,11,18.1,,,0,0,0,17.3,186.92,23.8,39.2,21.8,58.62,Clear
"Antwerpen, Vlaanderen, België",07/14/2020,17.2,14.1,16.2,,,6.79,0,0,17.2,253.21,30.4,28.5,79.9,78.84,"Rain, Overcast"
"Antwerpen, Vlaanderen, België",07/15/2020,20,10.2,16.4,,,1.5,0,0,17.7,251.33,31.2,29.2,72.5,70.44,"Rain, Partially cloudy"
"Antwerpen, Vlaanderen, België",07/16/2020,18.1,14.2,16.3,,,10.78,0,0,23.9,282.42,33,25.4,92.2,83.54,"Rain, Overcast"
"Antwerpen, Vlaanderen, België",07/17/2020,22.5,16,18.1,,,0.31,0,0,13.5,212.79,24.9,22.4,72.7,81.68,"Rain, Partially cloudy"
"Antwerpen, Vlaanderen, België",07/18/2020,25,13.5,20.1,,,0,0,0,17.5,221.92,28.7,22.2,34.5,73.51,Partially cloudy
"Antwerpen, Vlaanderen, België",07/19/2020,22.6,11.6,17.9,,,0.4,0,0,20.8,258,29.6,27.1,52.7,76.41,"Rain, Partially cloudy"
"Antwerpen, Vlaanderen, België",07/20/2020,21.4,14.1,17.3,,,0.45,0,0,17.8,142.17,33.8,32.8,41.5,63.76,"Rain, Partially cloudy"
"Antwerpen, Vlaanderen, België",07/21/2020,21.5,8.5,16.1,,,1.47,0,0,20.8,278.04,30.9,35.9,12.9,61.22,Rain
"Antwerpen, Vlaanderen, België",07/22/2020,21.4,8.9,16.2,,,0,0,0,14.2,122.92,26.4,35.8,37.3,61.69,Partially cloudy
"Antwerpen, Vlaanderen, België",07/23/2020,25.2,9.3,18.6,,,0,0,0,14.2,211.75,26.1,36.7,36.5,57.3,Partially cloudy
"Antwerpen, Vlaanderen, België",07/24/2020,22,16.1,18.7,,,3.46,0,0,17.5,249.58,28.8,31.5,82.3,71.66,"Rain, Overcast"
"Antwerpen, Vlaanderen, België",07/25/2020,23.6,16,19.4,,,6.19,0,0,20.8,219.63,32.8,26.7,70.1,76.17,"Rain, Partially cloudy"
"Antwerpen, Vlaanderen, België",07/26/2020,22.6,16.6,19.2,,,7.64,0,0,21.6,249.79,39.3,31,63.1,69.98,"Rain, Partially cloudy"
"Antwerpen, Vlaanderen, België",07/27/2020,27.5,15.2,20,,26.9,2.68,0,0,27.9,188.57,40.6,38.1,62.8,63.36,"Rain, Partially cloudy"
"Antwerpen, Vlaanderen, België",07/28/2020,21.6,17.2,19,,,0.47,0,0,28.3,268.63,44.5,38.3,58.4,61.22,"Rain, Partially cloudy"
"Antwerpen, Vlaanderen, België",07/29/2020,22.1,12.9,17.7,,,0,0,0,17.6,245.25,31.1,28,41.3,61.36,Partially cloudy
"Antwerpen, Vlaanderen, België",07/30/2020,28,10.6,20.1,,27.2,0,0,0,10.4,109.54,20.6,33.5,20.9,56.57,Clear
"Antwerpen, Vlaanderen, België",07/31/2020,36.1,14.7,26.2,,34.3,0,0,0,20.3,112.67,31,34,7.9,44.76,Clear
"Antwerpen, Vlaanderen, België",08/01/2020,28.2,19.5,22.2,,28.5,4,0,0,20.7,285.13,32.1,24.5,56.8,70.6,"Rain, Partially cloudy"
