Name,Date time,Maximum Temperature,Minimum Temperature,Temperature,Wind Chill,Heat Index,Precipitation,Snow,Snow Depth,Wind Speed,Wind Direction,Wind Gust,Visibility,Cloud Cover,Relative Humidity,Conditions
"London, England, United Kingdom",03/01/2020,10.5,5,7.1,0.5,,0.2,0,0,32.7,233.13,56.6,33.2,0.2,64.39,Rain
"London, England, United Kingdom",03/02/2020,10,4.1,6.3,0.8,,5.81,0,0,23.2,222.67,50,31.3,0.3,73.9,Rain
"London, England, United Kingdom",03/03/2020,9.1,2,5.4,-1.2,,0.75,0,0,23.8,252.04,,32.5,0.2,76.27,Rain
"London, England, United Kingdom",03/04/2020,8.5,2.1,5.3,1,,3,0,0,14.5,150.5,,15.5,0.6,85.81,Rain
"London, England, United Kingdom",03/05/2020,6.5,5.6,6.2,1.8,,15.98,0,0,26,90.83,46.4,7.6,0.6,89.55,Rain
"London, England, United Kingdom",03/06/2020,9.6,3.1,6.3,1.8,,2,0,0,16.8,309.29,,25.1,0.3,68.42,Rain
"London, England, United Kingdom",03/07/2020,12.6,2.1,7.9,0,,0,0,0,31.8,229.58,51.6,18.4,0.5,80.16,Clear
"London, England, United Kingdom",03/08/2020,13.1,7,10,4,,2.91,0,0,37.1,236.46,61.2,25.8,0.4,75.69,Rain
"London, England, United Kingdom",03/09/2020,11.1,4.6,7.7,1.2,,1.2,0,0,29.1,242.42,48.4,20.9,0.4,78.79,Rain
"London, England, United Kingdom",03/10/2020,15.6,10.6,13,,,5.21,0,0,38.1,246.58,74.2,31.4,0.6,84.23,Rain
"London, England, United Kingdom",03/11/2020,14.6,9.1,11.3,7.2,,1.2,0,0,33,241.5,62.1,35.5,0.5,76.88,Rain
"London, England, United Kingdom",03/12/2020,10.6,5.1,8,1.6,,1.75,0,0,41.9,251.67,75.2,30.4,0.3,62.05,Rain
"London, England, United Kingdom",03/13/2020,12.5,6.5,8.6,2.2,,0.2,0,0,28.4,250.21,48.2,27.9,0.5,64.71,Rain
"London, England, United Kingdom",03/14/2020,12.6,7,9.7,4.1,,3,0,0,26.1,194.54,,25,0.6,79.31,Rain
"London, England, United Kingdom",03/15/2020,12,7.5,9.9,6.2,,0.61,0,0,29.6,231.67,48.2,30.3,0.6,80.35,Rain
"London, England, United Kingdom",03/16/2020,12.6,4,8.3,1.8,,0.4,0,0,16.1,279.17,,31.7,0.1,67.64,Rain
"London, England, United Kingdom",03/17/2020,13.6,5.5,9.7,3,,0,0,0,23.6,217.71,,25.7,0.4,77.75,Clear
"London, England, United Kingdom",03/18/2020,15.5,9.5,11.9,8.1,,0,0,0,24.2,232.29,,26.9,0.6,80.01,Clear
"London, England, United Kingdom",03/19/2020,8.6,6.5,7.8,3.9,,1.69,0,0,17.6,67.5,,7.3,0.6,89.17,Rain
"London, England, United Kingdom",03/20/2020,10,6,7.7,2.3,,0.2,0,0,26.7,54.38,51.8,31.5,0.6,68.74,Rain
"London, England, United Kingdom",03/21/2020,10.1,4.6,7,1,,0,0,0,32.9,73.46,56.2,30.7,0.3,61.8,Clear
"London, England, United Kingdom",03/22/2020,10,4.5,7.1,1,,0,0,0,27.3,73,51.8,31,0.1,63.03,Clear
"London, England, United Kingdom",03/23/2020,11.6,3.6,7.4,1.1,,0,0,0,17.9,102.75,,36.4,0,54.98,Clear
"London, England, United Kingdom",03/24/2020,15.6,3,8.8,1.1,,0,0,0,17.4,139.83,,31.1,0,48.82,Clear
"London, England, United Kingdom",03/25/2020,13.1,2,7.5,1.3,,0,0,0,15.2,88.79,,27.4,0,50.87,Clear
"London, England, United Kingdom",03/26/2020,13.1,2.6,7.6,0.3,,0,0,0,21.7,74.38,40.7,18.4,0,55.43,Clear
"London, England, United Kingdom",03/27/2020,13.6,3.5,8.3,0.5,,0,0,0,26,34.5,43.9,15.8,0,59.83,Clear
"London, England, United Kingdom",03/28/2020,11.1,5.5,7.7,1.5,,0,0,0,31.9,35,56,23.8,0.2,63.07,Clear
"London, England, United Kingdom",03/29/2020,8,3.5,5.6,-0.4,,0.4,0,0,35.8,31.96,64.8,32,0.4,54.45,Rain
"London, England, United Kingdom",03/30/2020,10.1,3.1,6.1,-0.1,,0.4,0,0,20.7,80.96,43.3,33.5,0.5,69.05,Rain
"London, England, United Kingdom",03/31/2020,10.6,3.6,6.7,0.4,,0.25,0,0,20.9,52.5,,30.7,0.2,65.45,Rain
"London, England, United Kingdom",04/01/2020,9,1.5,6.4,2.4,,0.2,0,0,11.3,286.04,,31.3,0.4,62.22,Rain
"London, England, United Kingdom",04/02/2020,13.1,6.1,10,3.9,,0,0,0,23.6,279.63,,39.1,0.6,63.46,Clear
"London, England, United Kingdom",04/03/2020,13.1,5.6,9.7,5.1,,0,0,0,13.4,269.21,,33.7,0.5,61.61,Clear
"London, England, United Kingdom",04/04/2020,16.6,3.6,10.3,2.9,,0,0,0,18.9,170.08,,29.2,0.2,64.01,Clear
"London, England, United Kingdom",04/05/2020,21.1,8.1,15,5.9,,0,0,0,27,144.79,,37,0,47,Clear
"London, England, United Kingdom",04/06/2020,17.5,9.6,13.9,,,0.49,0,0,21.6,240.83,,32.9,0.3,60.49,Rain
"London, England, United Kingdom",04/07/2020,19.5,6.1,12.7,,,0,0,0,14.3,152.04,,28.5,0.2,61,Clear
"London, England, United Kingdom",04/08/2020,20.1,10.6,15,,,0,0,0,12.2,66.57,,11.6,0.4,60.05,Clear
"London, England, United Kingdom",04/09/2020,21.7,9.6,15,9.1,,0,0,0,20.9,79.21,,12.8,0.1,61.15,Clear
"London, England, United Kingdom",04/10/2020,22.1,9.2,14.8,8,,0,0,0,19.8,91.71,,16.5,0.1,64.62,Clear
"London, England, United Kingdom",04/11/2020,25,9.2,16.8,8.6,,0,0,0,15.4,154.58,,21.2,0.3,58.51,Clear
"London, England, United Kingdom",04/12/2020,24.5,10.5,17.1,,,2,0,0,20,190.08,46.4,21.1,0.3,55.07,Rain
"London, England, United Kingdom",04/13/2020,12.5,6.5,9.4,3.3,,4,0,0,31,51.63,52.8,27.1,0.4,56.35,Rain
"London, England, United Kingdom",04/14/2020,12.6,5.1,8.3,2.4,,0,0,0,16,78.54,,34.3,0.2,53.48,Clear
"London, England, United Kingdom",04/15/2020,18.5,4,10.5,6.6,,0,0,0,14.4,97.88,31.7,22.6,0.1,59.23,Clear
"London, England, United Kingdom",04/16/2020,19.1,6.5,12.8,6.3,,0,0,0,14.2,75.46,29.5,10.4,0.3,63.39,Clear
"London, England, United Kingdom",04/17/2020,14.5,8.5,11.4,5.8,,0.81,0,0,24.2,72.63,46.4,19.3,0.5,67.35,Rain
"London, England, United Kingdom",04/18/2020,14.5,7.1,10.3,4.9,,6.1,0,0,14.7,51.21,,13,0.6,77.29,Rain
"London, England, United Kingdom",04/19/2020,18.5,7.6,12.1,6,,0,0,0,22.1,70.63,38.9,25.4,0.2,61.52,Clear
"London, England, United Kingdom",04/20/2020,18,7.1,12.4,4.9,,0,0,0,30.2,55.33,54.2,27.8,0,54.39,Clear
"London, England, United Kingdom",04/21/2020,17.6,9.6,13.6,7.6,,0,0,0,28.8,59.17,48.2,29.8,0,50.19,Clear
"London, England, United Kingdom",04/22/2020,20.5,8.6,14.5,7.2,,0.2,0,0,22.7,50.75,,23.8,0,52.66,Rain
"London, England, United Kingdom",04/23/2020,23.1,8.1,15.1,6.7,,0,0,0,13.2,66.17,14.8,20.1,0.1,56.05,Clear
"London, England, United Kingdom",04/24/2020,21.6,9.1,14.6,9.2,,0,0,0,14.3,89.09,,22,0.1,55.96,Clear
"London, England, United Kingdom",04/25/2020,15.1,7.6,10.8,5.9,,0,0,0,15.8,88.29,0,24.5,0.2,69.13,Clear
"London, England, United Kingdom",04/26/2020,20.5,4.5,13,,,0,0,0,12.1,202.54,7.6,29.2,0.1,61.61,Clear
"London, England, United Kingdom",04/27/2020,18,7.6,13.1,6.8,,0,0,0,18,204.13,0,20.2,0.4,62.77,Clear
"London, England, United Kingdom",04/28/2020,11,7.6,8.8,5.3,,18.4,0,0,17.4,68.17,,12.2,0.6,88.19,Rain
"London, England, United Kingdom",04/29/2020,14,7.6,10.6,6.9,,6,0,0,22.5,203.96,0,20.7,0.5,79.61,Rain
"London, England, United Kingdom",04/30/2020,13.6,6.5,9.6,4.4,,9.71,0,0,32.2,210.83,63,27.7,0.4,81.7,Rain
"London, England, United Kingdom",05/01/2020,15,8,11.1,5.6,,2.2,0,0,25,255.42,54.4,36.1,0.4,70.92,Rain
"London, England, United Kingdom",05/02/2020,17.6,7.1,12,4.7,,0.6,0,0,16.3,270.38,,46.1,0.2,61.67,Rain
"London, England, United Kingdom",05/03/2020,15.1,9.1,12.5,,,0.6,0,0,10.4,130.5,,36.1,0.7,65.53,Rain
"London, England, United Kingdom",05/04/2020,17.1,9,13.1,6.2,,0,0,0,22.4,76.5,42.5,31.6,0.4,64.63,Clear
"London, England, United Kingdom",05/05/2020,15,8.1,11,5.8,,0,0,0,26.6,78.5,47.4,36.3,0.2,60.83,Clear
"London, England, United Kingdom",05/06/2020,17.5,6,11.9,4,,0,0,0,15.1,76.79,37.1,27.2,0,61.82,Clear
"London, England, United Kingdom",05/07/2020,22.6,7.5,15.3,7,,0,0,0,15.3,153.13,27.7,25.7,0.1,60.42,Clear
"London, England, United Kingdom",05/08/2020,24.1,10,17.4,,,0,0,0,8.6,237.46,,30.7,0.2,53.18,Clear
"London, England, United Kingdom",05/09/2020,24.1,11,17.8,,,0,0,0,18.5,77.5,37.1,18.1,0.1,53.18,Clear
"London, England, United Kingdom",05/10/2020,18.1,7.5,12.9,3.7,,0,0,0,33.9,57.08,61.2,22.4,0.4,63.19,Clear
"London, England, United Kingdom",05/11/2020,12.1,5.6,8.8,1.7,,0,0,0,35.1,36,63.3,40.2,0.3,50.08,Clear
"London, England, United Kingdom",05/12/2020,15.1,3.1,9.8,2.4,,0,0,0,11.3,275.96,,40,0.3,53.01,Clear
"London, England, United Kingdom",05/13/2020,12.6,6.1,9.7,3.8,,0,0,0,21.8,83.58,48.2,39.2,0.4,54.46,Clear
"London, England, United Kingdom",05/14/2020,13.5,4.1,9,1.5,,0,0,0,20.4,48.25,31.7,42.3,0.1,58.15,Clear
"London, England, United Kingdom",05/15/2020,18.5,4.1,12.2,5.7,,0,0,0,13.4,273.79,,36,0.1,54.61,Clear
"London, England, United Kingdom",05/16/2020,18,9.1,13.2,9.3,,0,0,0,16.1,285.71,,41.3,0.5,52.61,Clear
"London, England, United Kingdom",05/17/2020,20,8.1,14.5,7.1,,0,0,0,21.1,262.33,,40.8,0.3,57.49,Clear
"London, England, United Kingdom",05/18/2020,23.6,10.6,17,,,0,0,0,23.3,259.29,40.7,42,0.3,52.24,Clear
"London, England, United Kingdom",05/19/2020,25.6,12.5,19,,,0,0,0,16.9,267.46,,43,0.2,58.66,Clear
"London, England, United Kingdom",05/20/2020,27.1,13.1,20.7,,26.7,0,0,0,17.1,216.63,,41.5,0.1,53.16,Clear
"London, England, United Kingdom",05/21/2020,27.5,14.5,21.4,,26.7,0,0,0,13.1,238.67,,41.5,0.2,50.25,Clear
"London, England, United Kingdom",05/22/2020,22,13.6,18.8,,,0,0,0,32.3,223.58,55.4,30.1,0.4,50.85,Clear
"London, England, United Kingdom",05/23/2020,19,11.6,14.8,,,1.23,0,0,37.5,251.58,70.4,28.2,0.3,55.64,Rain
"London, England, United Kingdom",05/24/2020,22.6,11.1,16.4,,,0,0,0,25.6,278.83,46.4,30,0.3,59.23,Clear
"London, England, United Kingdom",05/25/2020,25.1,11.1,18.8,,,0,0,0,13.6,236.58,,33.7,0.1,53.59,Clear
"London, England, United Kingdom",05/26/2020,26.1,12,19.9,,,0,0,0,13.9,267.63,,38,0.2,51.18,Clear
"London, England, United Kingdom",05/27/2020,24.5,14,19.2,,,0,0,0,15.9,127.58,,37.9,0.3,55.23,Clear
"London, England, United Kingdom",05/28/2020,20.6,12,16.5,,,0,0,0,20.2,81.96,39.1,37.2,0.1,52.62,Clear
"London, England, United Kingdom",05/29/2020,22.6,11.6,17,,,0,0,0,18.4,81.25,,36.1,0,50.13,Clear
"London, England, United Kingdom",05/30/2020,24.1,10.5,17.8,,,0,0,0,23.1,70.08,42.5,30.6,0.1,53.01,Clear
"London, England, United Kingdom",05/31/2020,23.6,13,18.3,,,0,0,0,25.3,72.21,48.2,38.5,0,47.74,Clear
"London, England, United Kingdom",06/01/2020,25.5,12.5,19,,,0,0,0,19,57.33,37.1,40.9,0,52.9,Clear
"London, England, United Kingdom",06/02/2020,24.6,13.1,19.1,,,0,0,0,13.1,204.96,,38.1,0.1,47.98,Clear
"London, England, United Kingdom",06/03/2020,19.1,12.6,16.5,,,0.2,0,0,21.2,97.96,46.4,33.4,0.6,63.83,Rain
"London, England, United Kingdom",06/04/2020,16.5,11,13,,,0.49,0,0,18.8,260.27,,36.6,0.6,66.97,Rain
"London, England, United Kingdom",06/05/2020,17,10.5,12.9,,,2.73,0,0,28.9,286.79,59.3,40.4,0.5,61.07,Rain
"London, England, United Kingdom",06/06/2020,13.5,8.1,10.6,4.9,,8.18,0,0,33.6,258.13,55.4,35.2,0.4,74,Rain
"London, England, United Kingdom",06/07/2020,18.1,7.6,12.8,6.2,,4.06,0,0,15.8,201.42,,34.1,0.4,76.06,Rain
"London, England, United Kingdom",06/08/2020,15.6,10.6,13.1,,,0,0,0,17.5,27.25,,35.8,0.6,64.87,Clear
"London, England, United Kingdom",06/09/2020,19,9.2,14.6,,,0,0,0,13.8,148,,34.3,0.6,56.54,Clear
"London, England, United Kingdom",06/10/2020,15.1,11.5,13.4,,,2.88,0,0,16.2,181.63,,19.4,0.6,79.66,Rain
"London, England, United Kingdom",06/11/2020,19.5,11.6,15,,,0.61,0,0,25.2,62.04,50,22.3,0.6,77.64,Rain
"London, England, United Kingdom",06/12/2020,20.1,14.1,16.8,,,0.81,0,0,24.7,77.63,51.8,14.6,0.5,78.32,Rain
"London, England, United Kingdom",06/13/2020,23.5,13.6,18.6,,,1.2,0,0,23.8,124.13,50,35.9,0.3,66.79,Rain
"London, England, United Kingdom",06/14/2020,22.1,13.6,18.3,,,1.21,0,0,17.5,166.67,,36.1,0.2,67.78,Rain
"London, England, United Kingdom",06/15/2020,23.5,12.1,18.1,,,2.27,0,0,13.2,233.25,,32.8,0.3,67.51,Rain
"London, England, United Kingdom",06/16/2020,22.6,14,18.6,,,2.84,0,0,13.7,196.08,,31.9,4.9,65.87,Rain
"London, England, United Kingdom",06/17/2020,21.2,13.5,17.1,,,17.64,0,0,16.1,181.96,,28.7,0.5,78.35,Rain
"London, England, United Kingdom",06/18/2020,19.6,14.1,16.1,,,17.22,0,0,18,207.54,,19,0.5,82.82,Rain
"London, England, United Kingdom",06/19/2020,19.1,14,16.2,,,0.81,0,0,26.5,209,38.9,28.6,0.5,74.48,Rain
"London, England, United Kingdom",06/20/2020,21.6,13,17.3,,,0.4,0,0,21.2,201.88,,33.8,0.4,69.29,Rain
"London, England, United Kingdom",06/21/2020,22.5,14.6,18.1,,,1.47,0,0,25.8,226.08,55.4,31.7,0.4,64.37,Rain
"London, England, United Kingdom",06/22/2020,22.6,11.1,17.6,,,0,0,0,19.1,227.04,,25.7,0.1,60.68,Clear
"London, England, United Kingdom",06/23/2020,27.6,13.1,21.1,,27.4,0,0,0,13.6,165.21,,29.1,0,58.03,Clear
"London, England, United Kingdom",06/24/2020,29.9,16.7,23.7,,29,0,0,0,18.9,90.96,,29,0,54.05,Clear
"London, England, United Kingdom",06/25/2020,30.7,18.2,24.6,,30.5,0,0,0,21.3,91.58,,33.5,0,54.36,Clear
"London, England, United Kingdom",06/26/2020,29.5,16.6,23.2,,29.6,0.6,0,0,24.6,195.92,,31.1,0.3,62.93,Rain
"London, England, United Kingdom",06/27/2020,20.5,15.6,17.5,,,2.81,0,0,33,204.42,52.8,24,0.5,74.65,Rain
"London, England, United Kingdom",06/28/2020,20,12.6,16,,,2.47,0,0,32,237,56.6,33.9,0.4,67.67,Rain
"London, England, United Kingdom",06/29/2020,19.6,12.6,15.8,,,2.99,0,0,34.9,243.5,61.6,31.4,0.5,60.44,Rain
"London, England, United Kingdom",06/30/2020,18.6,13.1,16.1,,,2.28,0,0,19.1,231.13,,28.3,0.6,77.19,Rain
"London, England, United Kingdom",07/01/2020,20.1,14.5,17.5,,,5.78,0,0,25.7,241,46.4,35.4,0.5,74.95,Rain
"London, England, United Kingdom",07/02/2020,20,12.6,16,,,6.62,0,0,20.9,260.25,,38,0.4,79.69,Rain
"London, England, United Kingdom",07/03/2020,20.1,12.6,16.3,,,5,0,0,31.6,238,50.3,30.7,0.5,74.78,Rain
"London, England, United Kingdom",07/04/2020,20.1,15.5,17.8,,,1.2,0,0,28.7,226.33,50,23.7,0.7,83.75,Rain
"London, England, United Kingdom",07/05/2020,21.5,14.1,18.2,,,0.4,0,0,37.8,252.29,63.9,31.4,0.4,61.68,Rain
"London, England, United Kingdom",07/06/2020,19.6,12.1,16.1,,,0,0,0,24.4,287.75,48.2,32,0.3,58.99,Clear
"London, England, United Kingdom",07/07/2020,20.1,11.1,15.9,,,0.6,0,0,24.1,251.08,33.5,29.3,0.5,65.84,Rain
"London, England, United Kingdom",07/08/2020,19.5,14.1,16.9,,,10.19,0,0,15.8,246.38,,17.4,0.6,90.1,Rain
"London, England, United Kingdom",07/09/2020,19.6,15.5,17.6,,,5.26,0,0,21.5,244,,25.3,0.6,86.19,Rain
"London, England, United Kingdom",07/10/2020,18.6,13,15.8,,,2.2,0,0,19.5,319.67,,39.7,0.4,66.6,Rain
"London, England, United Kingdom",07/11/2020,20.1,10,15.9,,,0,0,0,17.5,278.83,,45.4,0.2,58.75,Clear
"London, England, United Kingdom",07/12/2020,24.1,10.6,17.9,,,0,0,0,15.5,156.63,,39.8,0.2,56.09,Clear
"London, England, United Kingdom",07/13/2020,24.6,13.6,19.4,,,0,0,0,23.7,254.54,0,39.2,0.4,53.57,Clear
"London, England, United Kingdom",07/14/2020,20.6,15.6,18.2,,,2.16,0,0,15.4,316.46,0,35.1,0.6,69.13,Rain
"London, England, United Kingdom",07/15/2020,18.6,13.6,16.7,,,0,0,0,15.9,274.42,,44.1,0.6,67.48,Clear
"London, England, United Kingdom",07/16/2020,22.6,16.1,19.1,,,0,0,0,17.8,271.5,9.4,45.6,0.6,68.6,Clear
"London, England, United Kingdom",07/17/2020,27.1,17.6,22.1,,26.9,0,0,0,20.2,274.08,,41.1,0.3,60,Clear
"London, England, United Kingdom",07/18/2020,25,15.6,20.1,,,0,0,0,20.8,263.92,,41.5,0.4,61.9,Clear
"London, England, United Kingdom",07/19/2020,20,15,17.5,,,1.13,0,0,13.4,117.83,,36.9,0.5,69.5,Rain
"London, England, United Kingdom",07/20/2020,23,12.5,17.5,,,0,0,0,14.3,199.92,27.7,41,0.1,51.32,Clear
"London, England, United Kingdom",07/21/2020,22.6,13.1,17.7,,,0,0,0,12.5,173.46,,40.2,0.1,48.66,Clear
"London, England, United Kingdom",07/22/2020,25.1,15.5,20,,,0,0,0,19.2,217.38,,39.3,0.3,49.92,Clear
"London, England, United Kingdom",07/23/2020,25.1,14.1,19.6,,,0,0,0,24.3,229.25,,42.2,0.4,56.34,Clear
"London, England, United Kingdom",07/24/2020,24.1,17,20.2,,,0,0,0,20,244.54,,38.8,0.5,66.74,Clear
"London, England, United Kingdom",07/25/2020,21.1,14.6,18.1,,,4.03,0,0,27.6,219.83,46.4,28.6,0.5,84.16,Rain
"London, England, United Kingdom",07/26/2020,22,13,17.2,,,6.78,0,0,23.6,239.29,48.2,32.4,0.3,78.01,Rain
"London, England, United Kingdom",07/27/2020,20.6,16.1,18,,,2.06,0,0,28,207.3,50,23.7,0.5,81.18,Rain
"London, England, United Kingdom",07/28/2020,21.1,13.1,16.9,,,0.6,0,0,24.7,280.58,,42.9,0.3,61.27,Rain
"London, England, United Kingdom",07/29/2020,23,10.1,17.7,,,0,0,0,16.4,256.17,,44.5,0.3,58.6,Clear
"London, England, United Kingdom",07/30/2020,29,13,21.6,,27.8,0,0,0,13.5,182.25,,43.9,0.1,48.85,Clear
"London, England, United Kingdom",07/31/2020,36.1,17.2,25.6,,35.6,0,0,0,29.5,155.88,55.4,35.3,0.1,52.03,Clear
"London, England, United Kingdom",08/01/2020,26.1,17,21.5,,,0,0,0,23,261.39,,38.8,0.3,60.88,Clear
