Day,Date,Country,Total,Recovered,Deaths
1,1/22/2020,Australia,0,0,0
2,1/23/2020,Australia,0,0,0
3,1/24/2020,Australia,0,0,0
4,1/25/2020,Australia,0,0,0
5,1/26/2020,Australia,4,0,0
6,1/27/2020,Australia,5,0,0
7,1/28/2020,Australia,5,0,0
8,1/29/2020,Australia,6,0,0
9,1/30/2020,Australia,9,2,0
10,1/31/2020,Australia,9,2,0
11,2/1/2020,Australia,12,2,0
12,2/2/2020,Australia,12,2,0
13,2/3/2020,Australia,12,2,0
14,2/4/2020,Australia,13,2,0
15,2/5/2020,Australia,13,2,0
16,2/6/2020,Australia,14,2,0
17,2/7/2020,Australia,15,2,0
18,2/8/2020,Australia,15,2,0
19,2/9/2020,Australia,15,2,0
20,2/10/2020,Australia,15,2,0
21,2/11/2020,Australia,15,2,0
22,2/12/2020,Australia,15,2,0
23,2/13/2020,Australia,15,8,0
24,2/14/2020,Australia,15,8,0
25,2/15/2020,Australia,15,8,0
26,2/16/2020,Australia,15,8,0
27,2/17/2020,Australia,15,10,0
28,2/18/2020,Australia,15,10,0
29,2/19/2020,Australia,15,10,0
30,2/20/2020,Australia,15,10,0
31,2/21/2020,Australia,15,11,0
32,2/22/2020,Australia,15,11,0
33,2/23/2020,Australia,15,11,0
34,2/24/2020,Australia,15,11,0
35,2/25/2020,Australia,15,11,0
36,2/26/2020,Australia,15,11,0
37,2/27/2020,Australia,15,11,0
38,2/28/2020,Australia,15,11,0
39,2/29/2020,Australia,25,11,0
40,3/1/2020,Australia,27,11,1
41,3/2/2020,Australia,30,11,1
42,3/3/2020,Australia,39,11,1
43,3/4/2020,Australia,52,11,2
44,3/5/2020,Australia,55,21,2
45,3/6/2020,Australia,60,21,2
46,3/7/2020,Australia,63,21,2
47,3/8/2020,Australia,76,21,3
48,3/9/2020,Australia,91,21,3
49,3/10/2020,Australia,107,21,3
50,3/11/2020,Australia,128,21,3
51,3/12/2020,Australia,128,21,3
52,3/13/2020,Australia,200,23,3
53,3/14/2020,Australia,250,23,3
54,3/15/2020,Australia,297,23,3
55,3/16/2020,Australia,377,23,3
56,3/17/2020,Australia,452,23,5
57,3/18/2020,Australia,568,23,6
58,3/19/2020,Australia,681,26,6
59,3/20/2020,Australia,791,26,7
60,3/21/2020,Australia,1071,26,7
61,3/22/2020,Australia,1549,88,7
62,3/23/2020,Australia,1682,88,7
63,3/24/2020,Australia,2044,115,8
64,3/25/2020,Australia,2364,119,8
65,3/26/2020,Australia,2810,172,13
66,3/27/2020,Australia,3143,194,13
67,3/28/2020,Australia,3640,244,14
68,3/29/2020,Australia,3984,244,16
69,3/30/2020,Australia,4361,257,17
70,3/31/2020,Australia,4559,358,18
71,4/1/2020,Australia,4862,422,20
72,4/2/2020,Australia,5116,520,24
73,4/3/2020,Australia,5330,649,28
74,4/4/2020,Australia,5550,701,30
75,4/5/2020,Australia,5687,757,35
76,4/6/2020,Australia,5797,1080,40
77,4/7/2020,Australia,5895,1080,45
78,4/8/2020,Australia,6010,1080,50
79,4/9/2020,Australia,6108,1472,51
80,4/10/2020,Australia,6215,1793,54
81,4/11/2020,Australia,6303,1806,57
82,4/12/2020,Australia,6315,1806,60
83,4/13/2020,Australia,6351,1806,61
84,4/14/2020,Australia,6415,2186,62
85,4/15/2020,Australia,6440,2186,63
86,4/16/2020,Australia,6462,2355,63
87,4/17/2020,Australia,6522,3808,66
88,4/18/2020,Australia,6568,4124,67
89,4/19/2020,Australia,6610,4124,67
90,4/20/2020,Australia,6623,4291,67
91,4/21/2020,Australia,6645,4695,67
92,4/22/2020,Australia,6652,4932,67
93,4/23/2020,Australia,6662,5047,75
94,4/24/2020,Australia,6677,5136,79
95,4/25/2020,Australia,6694,5376,80
96,4/26/2020,Australia,6714,5541,83
97,4/27/2020,Australia,6721,5588,83
98,4/28/2020,Australia,6744,5665,89
99,4/29/2020,Australia,6752,5715,91
100,4/30/2020,Australia,6766,5742,93
101,5/1/2020,Australia,6778,5775,93
102,5/2/2020,Australia,6799,5814,94
103,5/3/2020,Australia,6822,5849,95
104,5/4/2020,Australia,6847,5887,96
105,5/5/2020,Australia,6875,5975,97
106,5/6/2020,Australia,6894,6031,97
107,5/7/2020,Australia,6913,6078,97
108,5/8/2020,Australia,6918,6122,97
109,5/9/2020,Australia,6939,6141,97
110,5/10/2020,Australia,6948,6167,97
111,5/11/2020,Australia,6970,6213,97
112,5/12/2020,Australia,6980,6270,98
113,5/13/2020,Australia,6989,6297,98
114,5/14/2020,Australia,7019,6334,98
115,5/15/2020,Australia,7035,6359,98
116,5/16/2020,Australia,7044,6364,98
117,5/17/2020,Australia,7054,6392,99
118,5/18/2020,Australia,7068,6413,99
119,5/19/2020,Australia,7072,6431,100
120,5/20/2020,Australia,7081,6470,100
121,5/21/2020,Australia,7095,6478,101
122,5/22/2020,Australia,7099,6485,101
123,5/23/2020,Australia,7114,6508,102
124,5/24/2020,Australia,7114,6531,102
125,5/25/2020,Australia,7126,6552,102
126,5/26/2020,Australia,7139,6560,103
127,5/27/2020,Australia,7150,6579,103
128,5/28/2020,Australia,7165,6576,103
129,5/29/2020,Australia,7184,6605,103
130,5/30/2020,Australia,7192,6614,103
131,5/31/2020,Australia,7202,6618,103
132,6/1/2020,Australia,7221,6626,102
133,6/2/2020,Australia,7229,6636,102
134,6/3/2020,Australia,7240,6648,102
135,6/4/2020,Australia,7247,6683,102
136,6/5/2020,Australia,7252,6688,102
137,6/6/2020,Australia,7259,6703,102
138,6/7/2020,Australia,7265,6706,102
139,6/8/2020,Australia,7267,6720,102
140,6/9/2020,Australia,7274,6740,102
141,6/10/2020,Australia,7285,6759,102
142,6/11/2020,Australia,7289,6782,102
143,6/12/2020,Australia,7294,6803,102
144,6/13/2020,Australia,7320,6838,102
145,6/14/2020,Australia,7335,6851,102
146,6/15/2020,Australia,7347,6856,102
147,6/16/2020,Australia,7370,6861,102
148,6/17/2020,Australia,7391,6877,102
149,6/18/2020,Australia,7409,6878,102
150,6/19/2020,Australia,7411,6881,102
151,6/20/2020,Australia,7461,6896,102
152,6/21/2020,Australia,7474,6903,102
153,6/22/2020,Australia,7492,6915,102
154,6/23/2020,Australia,7521,6924,103
155,6/24/2020,Australia,7558,6931,104
156,6/25/2020,Australia,7595,6958,104
157,6/26/2020,Australia,7601,6960,104
158,6/27/2020,Australia,7686,6993,104
159,6/28/2020,Australia,7764,7007,104
160,6/29/2020,Australia,7834,7037,104
161,6/30/2020,Australia,7920,7040,104
162,7/1/2020,Australia,8001,7090,104
163,7/2/2020,Australia,8066,7130,104
164,7/3/2020,Australia,8260,7319,104
165,7/4/2020,Australia,8443,7399,104
166,7/5/2020,Australia,8583,7420,106
167,7/6/2020,Australia,8755,7455,106
168,7/7/2020,Australia,8886,7487,106
169,7/8/2020,Australia,9056,7573,106
170,7/9/2020,Australia,9374,7576,106
171,7/10/2020,Australia,9553,7733,107
172,7/11/2020,Australia,9797,7727,108
173,7/12/2020,Australia,9980,7769,108
174,7/13/2020,Australia,10251,7835,108
175,7/14/2020,Australia,10487,7928,111
176,7/15/2020,Australia,10810,8035,113
177,7/16/2020,Australia,11233,8114,116
178,7/17/2020,Australia,11441,8162,118
179,7/18/2020,Australia,11802,8274,122
180,7/19/2020,Australia,12069,8395,123
181,7/20/2020,Australia,12428,8398,126
182,7/21/2020,Australia,12894,8545,128
183,7/22/2020,Australia,13302,8770,133
184,7/23/2020,Australia,13595,8775,139
185,7/24/2020,Australia,13950,8938,145
186,7/25/2020,Australia,14403,9019,155
187,7/26/2020,Australia,14935,9174,161
188,7/27/2020,Australia,15303,9311,167
189,7/28/2020,Australia,15582,9617,176
190,7/29/2020,Australia,16298,9619,189
191,7/30/2020,Australia,16903,9759,196
192,7/31/2020,Australia,17280,9983,201
193,8/1/2020,Australia,17895,7213,208
194,8/2/2020,Australia,18318,7631,221
195,8/3/2020,Australia,18730,7631,232
196,8/4/2020,Australia,19445,7805,247
197,8/5/2020,Australia,19890,7947,255
198,8/6/2020,Australia,20272,8125,266
199,8/7/2020,Australia,20698,8566,278
200,8/8/2020,Australia,21084,8880,295
201,8/9/2020,Australia,21397,8882,313
202,8/10/2020,Australia,21713,9150,331
203,8/11/2020,Australia,22127,9401,352
204,8/12/2020,Australia,22358,9785,361
205,8/13/2020,Australia,22742,10007,375
206,8/14/2020,Australia,23035,10638,379
207,8/15/2020,Australia,23287,10641,396
208,8/16/2020,Australia,23558,11091,421
209,8/17/2020,Australia,23773,11544,438
210,8/18/2020,Australia,23989,11935,450
211,8/19/2020,Australia,24236,12254,463
212,8/20/2020,Australia,24407,14860,472
213,8/21/2020,Australia,24602,15466,485
214,8/22/2020,Australia,24811,15766,502
215,8/23/2020,Australia,24915,16239,517
216,8/24/2020,Australia,25053,16609,525
217,8/25/2020,Australia,25204,17106,549
218,8/26/2020,Australia,25322,17107,572
219,8/27/2020,Australia,25448,17373,583
220,8/28/2020,Australia,25547,17639,600
221,8/29/2020,Australia,25670,17866,611
222,8/30/2020,Australia,25746,18122,652
223,8/31/2020,Australia,25819,18356,657
224,9/1/2020,Australia,25923,18695,663
225,9/2/2020,Australia,26049,18698,678
226,9/3/2020,Australia,26136,18920,737
227,9/4/2020,Australia,26207,19178,748
228,9/5/2020,Australia,26278,19336,753
229,9/6/2020,Australia,26321,19473,762
230,9/7/2020,Australia,26373,19610,770
231,9/8/2020,Australia,26465,19731,781
232,9/9/2020,Australia,26524,19869,788
233,9/10/2020,Australia,26564,20045,797
234,9/11/2020,Australia,26607,20335,803
235,9/12/2020,Australia,26651,20346,810
236,9/13/2020,Australia,26692,20471,816
237,9/14/2020,Australia,26739,20585,816
238,9/15/2020,Australia,26778,20658,824
239,9/16/2020,Australia,26813,20798,832
240,9/17/2020,Australia,26861,20860,837
241,9/18/2020,Australia,26885,20867,844
242,9/19/2020,Australia,26898,20974,849
243,9/20/2020,Australia,26912,21069,851
244,9/21/2020,Australia,26942,21163,854
245,9/22/2020,Australia,26972,21224,859
246,9/23/2020,Australia,26980,21335,861
247,9/24/2020,Australia,27000,21407,869
248,9/25/2020,Australia,27016,21407,870
249,9/26/2020,Australia,27040,21456,872
250,9/27/2020,Australia,27044,21515,875
251,9/28/2020,Australia,27055,21558,882
252,9/29/2020,Australia,27078,21623,886
253,9/30/2020,Australia,27096,21655,888
254,10/1/2020,Australia,27109,21659,890
255,10/2/2020,Australia,27121,21719,893
256,10/3/2020,Australia,27135,21735,894
257,10/4/2020,Australia,27148,21759,894
258,10/5/2020,Australia,27173,21761,895
259,10/6/2020,Australia,27181,21786,897
260,10/7/2020,Australia,27206,21806,897
261,10/8/2020,Australia,27226,21839,897
262,10/9/2020,Australia,27244,21855,897
263,10/10/2020,Australia,27263,21855,898
264,10/11/2020,Australia,27285,21866,898
265,10/12/2020,Australia,27310,21895,899
266,10/13/2020,Australia,27337,21906,904
267,10/14/2020,Australia,27357,21907,904
268,10/15/2020,Australia,27371,21920,904
269,10/16/2020,Australia,27378,21955,904
270,10/17/2020,Australia,27390,21956,904
271,10/18/2020,Australia,27399,21966,905
272,10/19/2020,Australia,27405,21970,905
273,10/20/2020,Australia,27443,21984,905
274,10/21/2020,Australia,27458,22007,905
275,10/22/2020,Australia,27476,22018,905
276,10/23/2020,Australia,27495,22028,905
277,10/24/2020,Australia,27513,22034,905
278,10/25/2020,Australia,27525,22051,905
279,10/26/2020,Australia,27539,22065,905
280,10/27/2020,Australia,27553,22072,907
281,10/28/2020,Australia,27565,22084,907
282,10/29/2020,Australia,27579,22091,907
283,10/30/2020,Australia,27585,22173,907
284,10/31/2020,Australia,27595,22188,907
285,11/1/2020,Australia,27601,22204,907
286,11/2/2020,Australia,27610,22236,907
287,11/3/2020,Australia,27622,22257,907
288,11/4/2020,Australia,27630,22267,907
289,11/5/2020,Australia,27644,22274,907
290,11/6/2020,Australia,27652,22287,907
291,11/7/2020,Australia,27658,22295,907
292,11/8/2020,Australia,27665,22295,907
293,11/9/2020,Australia,27669,22298,907
294,11/10/2020,Australia,27671,22298,907
295,11/11/2020,Australia,27675,22299,907
296,11/12/2020,Australia,27676,22303,907
297,11/13/2020,Australia,27682,22307,907
298,11/14/2020,Australia,27711,22311,907
299,11/15/2020,Australia,27749,22312,907
300,11/16/2020,Australia,27758,22333,907
301,11/17/2020,Australia,27777,22338,907
302,11/18/2020,Australia,27785,22339,907
303,11/19/2020,Australia,27792,22341,907
304,11/20/2020,Australia,27806,22348,907
305,11/21/2020,Australia,27821,22349,907
306,11/22/2020,Australia,27834,22352,907
307,11/23/2020,Australia,27843,22358,907
308,11/24/2020,Australia,27853,22362,907
309,11/25/2020,Australia,27865,22369,907
310,11/26/2020,Australia,27873,22390,907
311,11/27/2020,Australia,27886,22404,907
312,11/28/2020,Australia,27892,22407,907
313,11/29/2020,Australia,27902,22411,908
314,11/30/2020,Australia,27912,22420,908
315,12/1/2020,Australia,27923,22423,908
316,12/2/2020,Australia,27939,22431,908
317,12/3/2020,Australia,27949,22443,908
318,12/4/2020,Australia,27956,22448,908
319,12/5/2020,Australia,27965,22453,908
320,12/6/2020,Australia,27972,22456,908
321,12/7/2020,Australia,27987,22460,908
322,12/8/2020,Australia,27993,22461,908
323,12/9/2020,Australia,28000,22473,908
324,12/10/2020,Australia,28011,22474,908
325,12/11/2020,Australia,28025,22480,908
326,12/12/2020,Australia,28030,22484,908
327,12/13/2020,Australia,28037,22485,908
328,12/14/2020,Australia,28048,22498,908
329,12/15/2020,Australia,28060,22498,908
330,12/16/2020,Australia,28072,22504,908
331,12/17/2020,Australia,28093,22507,908
332,12/18/2020,Australia,28126,22508,908
333,12/19/2020,Australia,28168,22512,908
334,12/20/2020,Australia,28198,22517,908
335,12/21/2020,Australia,28219,22524,908
336,12/22/2020,Australia,28237,22526,908
337,12/23/2020,Australia,28262,22530,908
338,12/24/2020,Australia,28274,22532,908
339,12/25/2020,Australia,28297,22535,908
340,12/26/2020,Australia,28308,22536,908
341,12/27/2020,Australia,28337,22539,909
342,12/28/2020,Australia,28349,22554,909
343,12/29/2020,Australia,28381,22558,909
344,12/30/2020,Australia,28405,22564,909
345,12/31/2020,Australia,28425,22565,909
346,1/1/2021,Australia,28460,22573,909
347,1/2/2021,Australia,28484,22581,909
348,1/3/2021,Australia,28504,22581,909
349,1/4/2021,Australia,28517,22588,909
350,1/5/2021,Australia,28536,22592,909
351,1/6/2021,Australia,28546,22600,909
352,1/7/2021,Australia,28571,22606,909
353,1/8/2021,Australia,28582,22606,909
354,1/9/2021,Australia,28595,22612,909
355,1/10/2021,Australia,28614,22621,909
356,1/11/2021,Australia,28634,22627,909
357,1/12/2021,Australia,28650,22643,909
358,1/13/2021,Australia,28660,22650,909
359,1/14/2021,Australia,28669,22657,909
360,1/15/2021,Australia,28689,22668,909
361,1/16/2021,Australia,28708,22684,909
362,1/17/2021,Australia,28721,22692,909
363,1/18/2021,Australia,28731,22698,909
364,1/19/2021,Australia,28740,22709,909
365,1/20/2021,Australia,28749,22716,909
366,1/21/2021,Australia,28755,22725,909
367,1/22/2021,Australia,28760,22735,909
368,1/23/2021,Australia,28766,22748,909
369,1/24/2021,Australia,28777,22759,909
370,1/25/2021,Australia,28780,22761,909
371,1/26/2021,Australia,28786,22766,909
372,1/27/2021,Australia,28794,22779,909
373,1/28/2021,Australia,28799,22781,909
374,1/29/2021,Australia,28806,22791,909
375,1/30/2021,Australia,28811,22802,909
376,1/31/2021,Australia,28818,22805,909
377,2/1/2021,Australia,28823,22808,909
378,2/2/2021,Australia,28829,22814,909
379,2/3/2021,Australia,28838,22822,909
380,2/4/2021,Australia,28842,22822,909
381,2/5/2021,Australia,28848,22825,909
382,2/6/2021,Australia,28851,22827,909
383,2/7/2021,Australia,28857,22830,909
384,2/8/2021,Australia,28860,22837,909
385,2/9/2021,Australia,28871,22844,909
386,2/10/2021,Australia,28879,22846,909
387,2/11/2021,Australia,28887,22850,909
388,2/12/2021,Australia,28892,22854,909
389,2/13/2021,Australia,28898,22858,909
390,2/14/2021,Australia,28900,22864,909
391,2/15/2021,Australia,28905,22866,909
392,2/16/2021,Australia,28911,22870,909
393,2/17/2021,Australia,28912,22871,909
394,2/18/2021,Australia,28918,22874,909
395,2/19/2021,Australia,28920,22879,909
396,2/20/2021,Australia,28926,22881,909
397,2/21/2021,Australia,28930,22882,909
398,2/22/2021,Australia,28937,22885,909
399,2/23/2021,Australia,28939,22892,909
400,2/24/2021,Australia,28947,22897,909
401,2/25/2021,Australia,28957,22900,909
402,2/26/2021,Australia,28965,22902,909
403,2/27/2021,Australia,28970,22903,909
404,2/28/2021,Australia,28978,22909,909
405,3/1/2021,Australia,28986,22914,909
406,3/2/2021,Australia,28996,22917,909
407,3/3/2021,Australia,29007,22920,909
408,3/4/2021,Australia,29021,22924,909
409,3/5/2021,Australia,29029,22926,909
410,3/6/2021,Australia,29034,22928,909
411,3/7/2021,Australia,29046,22929,909
412,3/8/2021,Australia,29061,22931,909
413,3/9/2021,Australia,29074,22936,909
414,3/10/2021,Australia,29090,22945,909
415,3/11/2021,Australia,29102,22949,909
416,3/12/2021,Australia,29112,22952,909
417,3/13/2021,Australia,29117,22957,909
418,3/14/2021,Australia,29130,22957,909
419,3/15/2021,Australia,29137,22958,909
420,3/16/2021,Australia,29154,22960,909
421,3/17/2021,Australia,29166,22962,909
422,3/18/2021,Australia,29183,22963,909
423,3/19/2021,Australia,29192,22965,909
424,3/20/2021,Australia,29196,22966,909
425,3/21/2021,Australia,29206,22971,909
426,3/22/2021,Australia,29211,22977,909
427,3/23/2021,Australia,29221,22982,909
428,3/24/2021,Australia,29230,22988,909
429,3/25/2021,Australia,29239,22991,909
430,3/26/2021,Australia,29252,22994,909
431,3/27/2021,Australia,29259,22996,909
432,3/28/2021,Australia,29276,23004,909
433,3/29/2021,Australia,29296,23005,909
434,3/30/2021,Australia,29304,23005,909
435,3/31/2021,Australia,29322,23012,909
436,4/1/2021,Australia,29333,23014,909
437,4/2/2021,Australia,29341,23025,909
438,4/3/2021,Australia,29348,23027,909
439,4/4/2021,Australia,29357,23032,909
440,4/5/2021,Australia,29365,23048,909
441,4/6/2021,Australia,29379,23049,909
442,4/7/2021,Australia,29385,23056,909
443,4/8/2021,Australia,29390,23071,909
444,4/9/2021,Australia,29396,23080,909
445,4/10/2021,Australia,29405,23083,909
446,4/11/2021,Australia,29419,23085,909
447,4/12/2021,Australia,29429,23087,910
448,4/13/2021,Australia,29450,23104,910
449,4/14/2021,Australia,29469,23108,910
450,4/15/2021,Australia,29484,23114,910
451,4/16/2021,Australia,29499,23147,910
452,4/17/2021,Australia,29519,23158,910
453,4/18/2021,Australia,29533,23160,910
454,4/19/2021,Australia,29556,23173,910
455,4/20/2021,Australia,29576,23177,910
456,4/21/2021,Australia,29594,23181,910
457,4/22/2021,Australia,29638,23183,910
458,4/23/2021,Australia,29653,23191,910
459,4/24/2021,Australia,29663,23195,910
460,4/25/2021,Australia,29680,23209,910
461,4/26/2021,Australia,29717,23253,910
462,4/27/2021,Australia,29750,23260,910
1,1/22/2020,Canada,0,0,0
2,1/23/2020,Canada,0,0,0
3,1/24/2020,Canada,0,0,0
4,1/25/2020,Canada,0,0,0
5,1/26/2020,Canada,1,0,0
6,1/27/2020,Canada,1,0,0
7,1/28/2020,Canada,2,0,0
8,1/29/2020,Canada,2,0,0
9,1/30/2020,Canada,2,0,0
10,1/31/2020,Canada,4,0,0
11,2/1/2020,Canada,4,0,0
12,2/2/2020,Canada,4,0,0
13,2/3/2020,Canada,4,0,0
14,2/4/2020,Canada,4,0,0
15,2/5/2020,Canada,5,0,0
16,2/6/2020,Canada,5,0,0
17,2/7/2020,Canada,7,0,0
18,2/8/2020,Canada,7,0,0
19,2/9/2020,Canada,7,0,0
20,2/10/2020,Canada,7,0,0
21,2/11/2020,Canada,7,0,0
22,2/12/2020,Canada,7,1,0
23,2/13/2020,Canada,7,1,0
24,2/14/2020,Canada,7,1,0
25,2/15/2020,Canada,7,1,0
26,2/16/2020,Canada,7,1,0
27,2/17/2020,Canada,8,1,0
28,2/18/2020,Canada,8,1,0
29,2/19/2020,Canada,8,1,0
30,2/20/2020,Canada,8,1,0
31,2/21/2020,Canada,9,3,0
32,2/22/2020,Canada,9,3,0
33,2/23/2020,Canada,9,3,0
34,2/24/2020,Canada,10,3,0
35,2/25/2020,Canada,11,3,0
36,2/26/2020,Canada,11,3,0
37,2/27/2020,Canada,13,6,0
38,2/28/2020,Canada,14,6,0
39,2/29/2020,Canada,20,6,0
40,3/1/2020,Canada,24,6,0
41,3/2/2020,Canada,27,6,0
42,3/3/2020,Canada,30,6,0
43,3/4/2020,Canada,33,6,0
44,3/5/2020,Canada,37,6,0
45,3/6/2020,Canada,49,6,0
46,3/7/2020,Canada,54,8,0
47,3/8/2020,Canada,64,8,0
48,3/9/2020,Canada,77,8,1
49,3/10/2020,Canada,79,8,1
50,3/11/2020,Canada,108,8,1
51,3/12/2020,Canada,117,8,1
52,3/13/2020,Canada,193,8,1
53,3/14/2020,Canada,198,8,1
54,3/15/2020,Canada,252,8,1
55,3/16/2020,Canada,415,9,4
56,3/17/2020,Canada,478,9,6
57,3/18/2020,Canada,657,9,11
58,3/19/2020,Canada,800,9,11
59,3/20/2020,Canada,943,9,15
60,3/21/2020,Canada,1277,10,19
61,3/22/2020,Canada,1469,10,22
62,3/23/2020,Canada,2088,10,29
63,3/24/2020,Canada,2790,110,33
64,3/25/2020,Canada,3251,183,42
65,3/26/2020,Canada,4042,184,57
66,3/27/2020,Canada,4682,256,66
67,3/28/2020,Canada,5576,466,82
68,3/29/2020,Canada,6280,466,96
69,3/30/2020,Canada,7398,466,125
70,3/31/2020,Canada,8527,1592,152
71,4/1/2020,Canada,9560,1324,175
72,4/2/2020,Canada,11284,1735,224
73,4/3/2020,Canada,12437,2175,277
74,4/4/2020,Canada,12978,2577,360
75,4/5/2020,Canada,15756,3012,435
76,4/6/2020,Canada,16563,3256,520
77,4/7/2020,Canada,17872,3791,581
78,4/8/2020,Canada,19141,4154,648
79,4/9/2020,Canada,20654,5162,771
80,4/10/2020,Canada,22059,5855,867
81,4/11/2020,Canada,23316,6589,986
82,4/12/2020,Canada,24299,7123,1095
83,4/13/2020,Canada,25680,7758,1225
84,4/14/2020,Canada,27035,8210,1361
85,4/15/2020,Canada,28209,8966,1515
86,4/16/2020,Canada,30809,9698,1718
87,4/17/2020,Canada,32814,10545,1844
88,4/18/2020,Canada,34356,10964,1987
89,4/19/2020,Canada,35633,11847,2145
90,4/20/2020,Canada,37658,12543,2291
91,4/21/2020,Canada,39402,13188,2484
92,4/22/2020,Canada,41663,14454,2679
93,4/23/2020,Canada,43299,14761,2850
94,4/24/2020,Canada,44919,15149,3030
95,4/25/2020,Canada,46371,16013,3217
96,4/26/2020,Canada,48033,16883,3374
97,4/27/2020,Canada,49616,18268,3559
98,4/28/2020,Canada,51150,19231,3756
99,4/29/2020,Canada,52865,20327,4000
100,4/30/2020,Canada,54457,21424,4179
101,5/1/2020,Canada,56343,22764,4381
102,5/2/2020,Canada,57926,23814,4529
103,5/3/2020,Canada,60504,24921,4669
104,5/4/2020,Canada,61957,26030,4911
105,5/5/2020,Canada,63215,27006,5081
106,5/6/2020,Canada,64694,28184,5240
107,5/7/2020,Canada,66201,29260,5387
108,5/8/2020,Canada,67674,30239,5540
109,5/9/2020,Canada,68918,31262,5704
110,5/10/2020,Canada,70091,32109,5822
111,5/11/2020,Canada,71264,33007,5956
112,5/12/2020,Canada,72419,34055,6107
113,5/13/2020,Canada,73568,35177,6210
114,5/14/2020,Canada,74781,36104,6331
115,5/15/2020,Canada,75959,36908,6452
116,5/16/2020,Canada,77206,37832,6571
117,5/17/2020,Canada,78332,38563,6661
118,5/18/2020,Canada,79411,39251,6753
119,5/19/2020,Canada,80493,40069,6828
120,5/20/2020,Canada,81575,40793,6950
121,5/21/2020,Canada,82742,41731,7046
122,5/22/2020,Canada,83947,42608,7144
123,5/23/2020,Canada,85151,43318,7238
124,5/24/2020,Canada,86106,43998,7326
125,5/25/2020,Canada,87119,44651,7420
126,5/26/2020,Canada,88090,45352,7512
127,5/27/2020,Canada,88989,46248,7606
128,5/28/2020,Canada,89976,46961,7717
129,5/29/2020,Canada,90909,47905,7797
130,5/30/2020,Canada,91681,48517,7857
131,5/31/2020,Canada,92479,49213,7906
132,6/1/2020,Canada,93288,50091,7952
133,6/2/2020,Canada,93960,50725,8008
134,6/3/2020,Canada,94641,51506,8062
135,6/4/2020,Canada,95269,52184,8126
136,6/5/2020,Canada,95947,53074,8166
137,6/6/2020,Canada,96475,54087,8228
138,6/7/2020,Canada,97178,54675,8269
139,6/8/2020,Canada,97779,55343,8313
140,6/9/2020,Canada,98241,56117,8347
141,6/10/2020,Canada,98720,57215,8382
142,6/11/2020,Canada,99159,58131,8413
143,6/12/2020,Canada,99595,59034,8442
144,6/13/2020,Canada,100043,59851,8470
145,6/14/2020,Canada,100404,60668,8489
146,6/15/2020,Canada,100763,61466,8497
147,6/16/2020,Canada,101087,61899,8521
148,6/17/2020,Canada,101491,63280,8542
149,6/18/2020,Canada,101877,63782,8555
150,6/19/2020,Canada,102314,64318,8580
151,6/20/2020,Canada,102762,64826,8609
152,6/21/2020,Canada,103078,65249,8626
153,6/22/2020,Canada,103418,65721,8646
154,6/23/2020,Canada,103767,66135,8670
155,6/24/2020,Canada,104087,66533,8700
156,6/25/2020,Canada,104463,66869,8723
157,6/26/2020,Canada,104629,67182,8730
158,6/27/2020,Canada,104878,67445,8739
159,6/28/2020,Canada,105193,67689,8749
160,6/29/2020,Canada,105830,68698,8768
161,6/30/2020,Canada,106097,69120,8780
162,7/1/2020,Canada,106288,69397,8790
163,7/2/2020,Canada,106643,69872,8806
164,7/3/2020,Canada,106962,70232,8813
165,7/4/2020,Canada,107185,70507,8821
166,7/5/2020,Canada,107394,70772,8823
167,7/6/2020,Canada,107815,71141,8836
168,7/7/2020,Canada,108023,71418,8843
169,7/8/2020,Canada,108334,71805,8855
170,7/9/2020,Canada,108656,72095,8865
171,7/10/2020,Canada,108984,72466,8879
172,7/11/2020,Canada,109150,72784,8882
173,7/12/2020,Canada,109348,72954,8887
174,7/13/2020,Canada,109984,73381,8895
175,7/14/2020,Canada,110350,73713,8900
176,7/15/2020,Canada,110693,74067,8914
177,7/16/2020,Canada,111144,74433,8926
178,7/17/2020,Canada,111559,98281,8936
179,7/18/2020,Canada,111875,98436,8939
180,7/19/2020,Canada,112168,98564,8943
181,7/20/2020,Canada,112938,98975,8947
182,7/21/2020,Canada,113473,99248,8954
183,7/22/2020,Canada,113790,99501,8958
184,7/23/2020,Canada,114398,99937,8966
185,7/24/2020,Canada,115115,100504,8970
186,7/25/2020,Canada,115470,100765,8974
187,7/26/2020,Canada,115789,100969,8978
188,7/27/2020,Canada,116471,101447,8991
189,7/28/2020,Canada,116871,101686,9001
190,7/29/2020,Canada,117357,101992,9006
191,7/30/2020,Canada,117677,102344,9019
192,7/31/2020,Canada,118281,102906,9025
193,8/1/2020,Canada,118523,103072,9029
194,8/2/2020,Canada,118768,103201,9032
195,8/3/2020,Canada,118973,103284,9035
196,8/4/2020,Canada,119659,104058,9043
197,8/5/2020,Canada,120033,104377,9049
198,8/6/2020,Canada,120387,104678,9055
199,8/7/2020,Canada,120903,105128,9060
200,8/8/2020,Canada,121148,105255,9064
201,8/9/2020,Canada,121367,105420,9067
202,8/10/2020,Canada,122053,108050,9074
203,8/11/2020,Canada,122389,108465,9080
204,8/12/2020,Canada,122703,108829,9085
205,8/13/2020,Canada,123180,109260,9091
206,8/14/2020,Canada,123605,109657,9095
207,8/15/2020,Canada,123825,109933,9101
208,8/16/2020,Canada,124004,110202,9106
209,8/17/2020,Canada,124218,110433,9108
210,8/18/2020,Canada,125084,111092,9118
211,8/19/2020,Canada,125408,111559,9124
212,8/20/2020,Canada,125625,111811,9127
213,8/21/2020,Canada,126319,112381,9141
214,8/22/2020,Canada,126560,112621,9142
215,8/23/2020,Canada,126817,112836,9146
216,8/24/2020,Canada,127594,113449,9154
217,8/25/2020,Canada,127903,113809,9159
218,8/26/2020,Canada,128380,114220,9164
219,8/27/2020,Canada,128836,114610,9168
220,8/28/2020,Canada,129342,115029,9181
221,8/29/2020,Canada,129639,115294,9184
222,8/30/2020,Canada,129888,115460,9185
223,8/31/2020,Canada,130918,116020,9193
224,9/1/2020,Canada,131422,116432,9197
225,9/2/2020,Canada,131941,116866,9199
226,9/3/2020,Canada,132527,117277,9205
227,9/4/2020,Canada,133141,117755,9206
228,9/5/2020,Canada,133511,117968,9207
229,9/6/2020,Canada,133890,118192,9209
230,9/7/2020,Canada,134295,118386,9212
231,9/8/2020,Canada,135757,119420,9219
232,9/9/2020,Canada,136135,119789,9223
233,9/10/2020,Canada,136956,120848,9231
234,9/11/2020,Canada,137676,121537,9231
235,9/12/2020,Canada,138164,121944,9233
236,9/13/2020,Canada,138640,122266,9236
237,9/14/2020,Canada,140098,123120,9249
238,9/15/2020,Canada,140900,123777,9257
239,9/16/2020,Canada,141852,124412,9262
240,9/17/2020,Canada,142879,124984,9267
241,9/18/2020,Canada,144053,125654,9279
242,9/19/2020,Canada,144607,125984,9286
243,9/20/2020,Canada,145750,126592,9288
244,9/21/2020,Canada,147583,127684,9300
245,9/22/2020,Canada,148855,128890,9309
246,9/23/2020,Canada,149939,129850,9317
247,9/24/2020,Canada,151087,130576,9325
248,9/25/2020,Canada,152717,131709,9332
249,9/26/2020,Canada,153770,132253,9338
250,9/27/2020,Canada,155428,133204,9343
251,9/28/2020,Canada,157219,134551,9360
252,9/29/2020,Canada,158991,135765,9373
253,9/30/2020,Canada,161107,137181,9391
254,10/1/2020,Canada,162930,138548,9407
255,10/2/2020,Canada,165054,139817,9505
256,10/3/2020,Canada,166360,140711,9526
257,10/4/2020,Canada,168501,142502,9570
258,10/5/2020,Canada,171384,144653,9599
259,10/6/2020,Canada,173756,146429,9617
260,10/7/2020,Canada,175380,147814,9636
261,10/8/2020,Canada,177730,149692,9654
262,10/9/2020,Canada,180625,152046,9668
263,10/10/2020,Canada,182767,153857,9694
264,10/11/2020,Canada,184403,155901,9708
265,10/12/2020,Canada,185378,156940,9720
266,10/13/2020,Canada,189489,160223,9752
267,10/14/2020,Canada,192064,162064,9777
268,10/15/2020,Canada,194362,164154,9796
269,10/16/2020,Canada,196928,166313,9828
270,10/17/2020,Canada,197067,166444,9836
271,10/18/2020,Canada,200804,169751,9860
272,10/19/2020,Canada,204111,172406,9891
273,10/20/2020,Canada,206349,174514,9909
274,10/21/2020,Canada,209036,171405,9946
275,10/22/2020,Canada,211617,173299,9977
276,10/23/2020,Canada,214519,180626,10004
277,10/24/2020,Canada,216051,181974,10026
278,10/25/2020,Canada,218874,184194,10057
279,10/26/2020,Canada,222973,187100,10095
280,10/27/2020,Canada,225703,189350,10120
281,10/28/2020,Canada,228366,191723,10158
282,10/29/2020,Canada,231383,194105,10192
283,10/30/2020,Canada,234939,196935,10237
284,10/31/2020,Canada,237313,198952,10276
285,11/1/2020,Canada,239649,200768,10313
286,11/2/2020,Canada,243178,203128,10345
287,11/3/2020,Canada,247916,206691,10403
288,11/4/2020,Canada,250698,208815,10444
289,11/5/2020,Canada,253482,210429,10484
290,11/6/2020,Canada,258875,214441,10546
291,11/7/2020,Canada,263221,216338,10593
292,11/8/2020,Canada,267165,218279,10641
293,11/9/2020,Canada,272036,221758,10702
294,11/10/2020,Canada,276481,224912,10769
295,11/11/2020,Canada,280465,226826,10832
296,11/12/2020,Canada,285939,230429,10905
297,11/13/2020,Canada,290709,234404,10951
298,11/14/2020,Canada,295139,236870,11013
299,11/15/2020,Canada,299440,240434,11078
300,11/16/2020,Canada,305473,244699,11152
301,11/17/2020,Canada,309935,248859,11220
302,11/18/2020,Canada,314453,253089,11324
303,11/19/2020,Canada,319247,257310,11394
304,11/20/2020,Canada,324234,261754,11461
305,11/21/2020,Canada,329191,265568,11527
306,11/22/2020,Canada,333936,269137,11583
307,11/23/2020,Canada,340731,274315,11662
308,11/24/2020,Canada,346013,278191,11762
309,11/25/2020,Canada,350971,281883,11820
310,11/26/2020,Canada,356650,285672,11902
311,11/27/2020,Canada,362604,291221,11988
312,11/28/2020,Canada,368279,295475,12056
313,11/29/2020,Canada,373662,299095,12130
314,11/30/2020,Canada,381557,304595,12239
315,12/1/2020,Canada,387052,309557,12317
316,12/2/2020,Canada,393506,314529,12423
317,12/3/2020,Canada,399770,319250,12513
318,12/4/2020,Canada,406189,324802,12616
319,12/5/2020,Canada,412543,329676,12690
320,12/6/2020,Canada,418848,334375,12775
321,12/7/2020,Canada,426572,344034,12896
322,12/8/2020,Canada,432743,349629,12993
323,12/9/2020,Canada,439142,355401,13109
324,12/10/2020,Canada,445828,361020,13227
325,12/11/2020,Canada,452543,367837,13355
326,12/12/2020,Canada,458527,373898,13453
327,12/13/2020,Canada,464443,378653,13537
328,12/14/2020,Canada,472820,385021,13677
329,12/15/2020,Canada,479064,391435,13793
330,12/16/2020,Canada,485576,397217,13911
331,12/17/2020,Canada,492582,403667,14067
332,12/18/2020,Canada,499282,410988,14180
333,12/19/2020,Canada,505741,416901,14284
334,12/20/2020,Canada,511748,422175,14374
335,12/21/2020,Canada,519325,429372,14481
336,12/22/2020,Canada,525585,437458,14607
337,12/23/2020,Canada,532506,444166,14752
338,12/24/2020,Canada,539190,448119,14902
339,12/25/2020,Canada,540939,448829,14966
340,12/26/2020,Canada,544053,450669,15051
341,12/27/2020,Canada,554153,461134,15171
342,12/28/2020,Canada,560618,473200,15328
343,12/29/2020,Canada,568807,482944,15528
344,12/30/2020,Canada,577266,490229,15650
345,12/31/2020,Canada,584409,493638,15762
346,1/1/2021,Canada,585400,494437,15806
347,1/2/2021,Canada,589935,497492,15914
348,1/3/2021,Canada,606076,510595,16006
349,1/4/2021,Canada,616134,523448,16247
350,1/5/2021,Canada,623384,529580,16389
351,1/6/2021,Canada,631466,537024,16539
352,1/7/2021,Canada,639693,544047,16704
353,1/8/2021,Canada,648930,551983,16846
354,1/9/2021,Canada,657323,558594,16984
355,1/10/2021,Canada,664606,565049,17074
356,1/11/2021,Canada,672931,575152,17199
357,1/12/2021,Canada,679072,582822,17359
358,1/13/2021,Canada,686211,591131,17539
359,1/14/2021,Canada,693658,599753,17686
360,1/15/2021,Canada,700538,608322,17856
361,1/16/2021,Canada,706897,614692,17978
362,1/17/2021,Canada,713181,621857,18106
363,1/18/2021,Canada,719601,629547,18231
364,1/19/2021,Canada,724629,637132,18382
365,1/20/2021,Canada,730330,644967,18567
366,1/21/2021,Canada,736441,652246,18706
367,1/22/2021,Canada,742268,659185,18887
368,1/23/2021,Canada,747362,663552,18992
369,1/24/2021,Canada,752041,670938,19119
370,1/25/2021,Canada,757658,677636,19245
371,1/26/2021,Canada,761699,684817,19392
372,1/27/2021,Canada,766019,690369,19485
373,1/28/2021,Canada,770825,695578,19676
374,1/29/2021,Canada,775652,701306,19825
375,1/30/2021,Canada,779762,706285,19958
376,1/31/2021,Canada,783695,710699,20041
377,2/1/2021,Canada,788197,718049,20145
378,2/2/2021,Canada,791145,722002,20242
379,2/3/2021,Canada,794412,726258,20361
380,2/4/2021,Canada,798394,729768,20486
381,2/5/2021,Canada,802530,726095,20607
382,2/6/2021,Canada,805794,729371,20700
383,2/7/2021,Canada,809001,732688,20760
384,2/8/2021,Canada,812804,752390,20830
385,2/9/2021,Canada,815487,756588,20914
386,2/10/2021,Canada,818755,760476,21007
387,2/11/2021,Canada,821932,763979,21089
388,2/12/2021,Canada,824611,767170,21168
389,2/13/2021,Canada,828408,769007,21238
390,2/14/2021,Canada,830612,771956,21261
391,2/15/2021,Canada,832375,774703,21298
392,2/16/2021,Canada,836594,782150,21395
393,2/17/2021,Canada,839155,785508,21439
394,2/18/2021,Canada,842590,789108,21509
395,2/19/2021,Canada,845673,792455,21581
396,2/20/2021,Canada,848330,795451,21631
397,2/21/2021,Canada,850737,798129,21675
398,2/22/2021,Canada,854190,801678,21720
399,2/23/2021,Canada,857403,805428,21761
400,2/24/2021,Canada,860348,808449,21810
401,2/25/2021,Canada,863495,811551,21868
402,2/26/2021,Canada,866667,814559,21915
403,2/27/2021,Canada,869347,816972,21961
404,2/28/2021,Canada,871694,819420,21990
405,3/1/2021,Canada,875388,823249,22014
406,3/2/2021,Canada,878051,826172,22043
407,3/3/2021,Canada,880835,829287,22105
408,3/4/2021,Canada,883815,832084,22152
409,3/5/2021,Canada,886782,834868,22183
410,3/6/2021,Canada,889551,837730,22212
411,3/7/2021,Canada,892199,839824,22234
412,3/8/2021,Canada,896247,843901,22271
413,3/9/2021,Canada,899175,846931,22302
414,3/10/2021,Canada,902234,849784,22330
415,3/11/2021,Canada,905339,852439,22367
416,3/12/2021,Canada,908854,855849,22397
417,3/13/2021,Canada,911884,858330,22426
418,3/14/2021,Canada,914595,860779,22455
419,3/15/2021,Canada,918406,864624,22484
420,3/16/2021,Canada,921263,867542,22509
421,3/17/2021,Canada,924670,870725,22543
422,3/18/2021,Canada,928283,873615,22577
423,3/19/2021,Canada,932515,876936,22605
424,3/20/2021,Canada,935932,879517,22635
425,3/21/2021,Canada,939057,882026,22656
426,3/22/2021,Canada,943920,886109,22695
427,3/23/2021,Canada,947489,889247,22715
428,3/24/2021,Canada,951438,892201,22739
429,3/25/2021,Canada,956542,895645,22771
430,3/26/2021,Canada,961567,899230,22809
431,3/27/2021,Canada,965882,902074,22830
432,3/28/2021,Canada,970065,904909,22855
433,3/29/2021,Canada,976327,909540,22871
434,3/30/2021,Canada,980080,912684,22892
435,3/31/2021,Canada,988808,918581,22960
436,4/1/2021,Canada,994549,922632,22998
437,4/2/2021,Canada,998208,924144,23011
438,4/3/2021,Canada,1005296,929085,23038
439,4/4/2021,Canada,1008808,930750,23060
440,4/5/2021,Canada,1017130,937403,23083
441,4/6/2021,Canada,1027854,945550,23132
442,4/7/2021,Canada,1035242,950990,23160
443,4/8/2021,Canada,1043478,956665,23196
444,4/9/2021,Canada,1052560,962451,23236
445,4/10/2021,Canada,1060052,967364,23270
446,4/11/2021,Canada,1067764,972153,23294
447,4/12/2021,Canada,1078482,979856,23336
448,4/13/2021,Canada,1085905,986199,23370
449,4/14/2021,Canada,1094899,992740,23428
450,4/15/2021,Canada,1104508,999374,23482
451,4/16/2021,Canada,1113837,1006819,23531
452,4/17/2021,Canada,1121162,1013533,23572
453,4/18/2021,Canada,1129371,1020054,23611
454,4/19/2021,Canada,1139591,1030214,23649
455,4/20/2021,Canada,1146817,1038181,23698
456,4/21/2021,Canada,1155053,1046969,23761
457,4/22/2021,Canada,1164108,1057653,23810
458,4/23/2021,Canada,1172697,1066739,23870
459,4/24/2021,Canada,1180065,1074073,23912
460,4/25/2021,Canada,1186991,1081040,23950
461,4/26/2021,Canada,1195827,1091032,24011
462,4/27/2021,Canada,1202672,1099133,24048
1,1/22/2020,Finland,0,0,0
2,1/23/2020,Finland,0,0,0
3,1/24/2020,Finland,0,0,0
4,1/25/2020,Finland,0,0,0
5,1/26/2020,Finland,0,0,0
6,1/27/2020,Finland,0,0,0
7,1/28/2020,Finland,0,0,0
8,1/29/2020,Finland,1,0,0
9,1/30/2020,Finland,1,0,0
10,1/31/2020,Finland,1,0,0
11,2/1/2020,Finland,1,0,0
12,2/2/2020,Finland,1,0,0
13,2/3/2020,Finland,1,0,0
14,2/4/2020,Finland,1,0,0
15,2/5/2020,Finland,1,0,0
16,2/6/2020,Finland,1,0,0
17,2/7/2020,Finland,1,0,0
18,2/8/2020,Finland,1,0,0
19,2/9/2020,Finland,1,0,0
20,2/10/2020,Finland,1,0,0
21,2/11/2020,Finland,1,0,0
22,2/12/2020,Finland,1,1,0
23,2/13/2020,Finland,1,1,0
24,2/14/2020,Finland,1,1,0
25,2/15/2020,Finland,1,1,0
26,2/16/2020,Finland,1,1,0
27,2/17/2020,Finland,1,1,0
28,2/18/2020,Finland,1,1,0
29,2/19/2020,Finland,1,1,0
30,2/20/2020,Finland,1,1,0
31,2/21/2020,Finland,1,1,0
32,2/22/2020,Finland,1,1,0
33,2/23/2020,Finland,1,1,0
34,2/24/2020,Finland,1,1,0
35,2/25/2020,Finland,1,1,0
36,2/26/2020,Finland,2,1,0
37,2/27/2020,Finland,2,1,0
38,2/28/2020,Finland,2,1,0
39,2/29/2020,Finland,3,1,0
40,3/1/2020,Finland,6,1,0
41,3/2/2020,Finland,6,1,0
42,3/3/2020,Finland,6,1,0
43,3/4/2020,Finland,6,1,0
44,3/5/2020,Finland,12,1,0
45,3/6/2020,Finland,15,1,0
46,3/7/2020,Finland,15,1,0
47,3/8/2020,Finland,23,1,0
48,3/9/2020,Finland,30,1,0
49,3/10/2020,Finland,40,1,0
50,3/11/2020,Finland,59,1,0
51,3/12/2020,Finland,59,1,0
52,3/13/2020,Finland,155,1,0
53,3/14/2020,Finland,225,1,0
54,3/15/2020,Finland,244,10,0
55,3/16/2020,Finland,277,10,0
56,3/17/2020,Finland,321,10,0
57,3/18/2020,Finland,336,10,0
58,3/19/2020,Finland,400,10,0
59,3/20/2020,Finland,450,10,0
60,3/21/2020,Finland,523,10,1
61,3/22/2020,Finland,626,10,1
62,3/23/2020,Finland,700,10,1
63,3/24/2020,Finland,792,10,1
64,3/25/2020,Finland,880,10,3
65,3/26/2020,Finland,958,10,5
66,3/27/2020,Finland,1041,10,7
67,3/28/2020,Finland,1167,10,9
68,3/29/2020,Finland,1240,10,11
69,3/30/2020,Finland,1352,10,13
70,3/31/2020,Finland,1418,10,17
71,4/1/2020,Finland,1446,10,17
72,4/2/2020,Finland,1518,300,19
73,4/3/2020,Finland,1615,300,20
74,4/4/2020,Finland,1882,300,25
75,4/5/2020,Finland,1927,300,28
76,4/6/2020,Finland,2176,300,27
77,4/7/2020,Finland,2308,300,34
78,4/8/2020,Finland,2487,300,40
79,4/9/2020,Finland,2605,300,42
80,4/10/2020,Finland,2769,300,48
81,4/11/2020,Finland,2905,300,49
82,4/12/2020,Finland,2974,300,56
83,4/13/2020,Finland,3064,300,59
84,4/14/2020,Finland,3161,300,64
85,4/15/2020,Finland,3237,300,72
86,4/16/2020,Finland,3369,1700,75
87,4/17/2020,Finland,3489,1700,82
88,4/18/2020,Finland,3681,1700,90
89,4/19/2020,Finland,3783,1700,94
90,4/20/2020,Finland,3868,2000,98
91,4/21/2020,Finland,4014,2000,141
92,4/22/2020,Finland,4129,2000,149
93,4/23/2020,Finland,4284,2000,172
94,4/24/2020,Finland,4395,2500,177
95,4/25/2020,Finland,4475,2500,186
96,4/26/2020,Finland,4576,2500,190
97,4/27/2020,Finland,4695,2500,193
98,4/28/2020,Finland,4740,2800,199
99,4/29/2020,Finland,4906,2800,206
100,4/30/2020,Finland,4995,3000,211
101,5/1/2020,Finland,5051,3000,218
102,5/2/2020,Finland,5176,3000,220
103,5/3/2020,Finland,5254,3000,230
104,5/4/2020,Finland,5327,3500,240
105,5/5/2020,Finland,5412,3500,246
106,5/6/2020,Finland,5573,3500,252
107,5/7/2020,Finland,5673,3500,255
108,5/8/2020,Finland,5738,4000,260
109,5/9/2020,Finland,5880,4000,265
110,5/10/2020,Finland,5962,4000,267
111,5/11/2020,Finland,5984,4000,271
112,5/12/2020,Finland,6003,4300,275
113,5/13/2020,Finland,6054,4300,284
114,5/14/2020,Finland,6145,4300,287
115,5/15/2020,Finland,6228,5000,293
116,5/16/2020,Finland,6286,5000,297
117,5/17/2020,Finland,6347,5000,298
118,5/18/2020,Finland,6380,5000,300
119,5/19/2020,Finland,6399,5000,301
120,5/20/2020,Finland,6443,4800,304
121,5/21/2020,Finland,6493,4800,306
122,5/22/2020,Finland,6537,4800,306
123,5/23/2020,Finland,6568,4800,306
124,5/24/2020,Finland,6579,4800,307
125,5/25/2020,Finland,6599,5100,308
126,5/26/2020,Finland,6628,5100,312
127,5/27/2020,Finland,6692,5100,313
128,5/28/2020,Finland,6743,5500,313
129,5/29/2020,Finland,6776,5500,314
130,5/30/2020,Finland,6826,5500,316
131,5/31/2020,Finland,6859,5500,320
132,6/1/2020,Finland,6885,5500,318
133,6/2/2020,Finland,6887,5500,320
134,6/3/2020,Finland,6911,5500,321
135,6/4/2020,Finland,6911,5800,322
136,6/5/2020,Finland,6941,5800,322
137,6/6/2020,Finland,6964,5800,322
138,6/7/2020,Finland,6981,5800,323
139,6/8/2020,Finland,7001,5800,323
140,6/9/2020,Finland,7025,5800,324
141,6/10/2020,Finland,7040,5800,324
142,6/11/2020,Finland,7064,6200,325
143,6/12/2020,Finland,7073,6200,325
144,6/13/2020,Finland,7087,6200,325
145,6/14/2020,Finland,7104,6200,326
146,6/15/2020,Finland,7108,6200,326
147,6/16/2020,Finland,7112,6200,326
148,6/17/2020,Finland,7117,6200,326
149,6/18/2020,Finland,7119,6200,326
150,6/19/2020,Finland,7133,6200,326
151,6/20/2020,Finland,7142,6200,326
152,6/21/2020,Finland,7143,6200,326
153,6/22/2020,Finland,7144,6400,327
154,6/23/2020,Finland,7155,6400,327
155,6/24/2020,Finland,7167,6600,327
156,6/25/2020,Finland,7172,6600,327
157,6/26/2020,Finland,7191,6600,328
158,6/27/2020,Finland,7198,6600,328
159,6/28/2020,Finland,7198,6600,328
160,6/29/2020,Finland,7209,6600,328
161,6/30/2020,Finland,7214,6600,328
162,7/1/2020,Finland,7236,6700,328
163,7/2/2020,Finland,7241,6700,328
164,7/3/2020,Finland,7242,6700,329
165,7/4/2020,Finland,7248,6700,329
166,7/5/2020,Finland,7253,6700,329
167,7/6/2020,Finland,7257,6700,329
168,7/7/2020,Finland,7262,6700,329
169,7/8/2020,Finland,7265,6800,329
170,7/9/2020,Finland,7273,6800,329
171,7/10/2020,Finland,7279,6800,329
172,7/11/2020,Finland,7291,6800,329
173,7/12/2020,Finland,7294,6800,329
174,7/13/2020,Finland,7295,6800,329
175,7/14/2020,Finland,7301,6800,329
176,7/15/2020,Finland,7296,6880,328
177,7/16/2020,Finland,7293,6880,328
178,7/17/2020,Finland,7301,6880,328
179,7/18/2020,Finland,7318,6880,328
180,7/19/2020,Finland,7335,6880,328
181,7/20/2020,Finland,7340,6880,328
182,7/21/2020,Finland,7351,6880,328
183,7/22/2020,Finland,7362,6920,328
184,7/23/2020,Finland,7372,6920,328
185,7/24/2020,Finland,7380,6920,329
186,7/25/2020,Finland,7388,6920,329
187,7/26/2020,Finland,7393,6920,329
188,7/27/2020,Finland,7398,6920,329
189,7/28/2020,Finland,7404,6920,329
190,7/29/2020,Finland,7414,6950,329
191,7/30/2020,Finland,7423,6950,329
192,7/31/2020,Finland,7432,6950,329
193,8/1/2020,Finland,7443,6950,329
194,8/2/2020,Finland,7453,6950,329
195,8/3/2020,Finland,7466,6950,329
196,8/4/2020,Finland,7483,6950,331
197,8/5/2020,Finland,7512,6980,331
198,8/6/2020,Finland,7532,6980,331
199,8/7/2020,Finland,7554,6980,331
200,8/8/2020,Finland,7568,6980,331
201,8/9/2020,Finland,7584,6980,331
202,8/10/2020,Finland,7601,6980,333
203,8/11/2020,Finland,7623,6980,333
204,8/12/2020,Finland,7642,7050,333
205,8/13/2020,Finland,7683,7050,333
206,8/14/2020,Finland,7700,7050,333
207,8/15/2020,Finland,7720,7050,333
208,8/16/2020,Finland,7731,7050,333
209,8/17/2020,Finland,7752,7050,334
210,8/18/2020,Finland,7776,7050,334
211,8/19/2020,Finland,7805,7100,334
212,8/20/2020,Finland,7842,7100,334
213,8/21/2020,Finland,7871,7100,334
214,8/22/2020,Finland,7906,7100,334
215,8/23/2020,Finland,7920,7100,334
216,8/24/2020,Finland,7938,7100,335
217,8/25/2020,Finland,7981,7100,335
218,8/26/2020,Finland,8002,7200,335
219,8/27/2020,Finland,8019,7200,335
220,8/28/2020,Finland,8042,7200,335
221,8/29/2020,Finland,8049,7200,335
222,8/30/2020,Finland,8077,7200,335
223,8/31/2020,Finland,8086,7200,336
224,9/1/2020,Finland,8142,7200,336
225,9/2/2020,Finland,8161,7350,336
226,9/3/2020,Finland,8200,7350,336
227,9/4/2020,Finland,8225,7350,336
228,9/5/2020,Finland,8261,7350,336
229,9/6/2020,Finland,8291,7350,336
230,9/7/2020,Finland,8327,7350,336
231,9/8/2020,Finland,8337,7350,336
232,9/9/2020,Finland,8430,7500,337
233,9/10/2020,Finland,8469,7500,337
234,9/11/2020,Finland,8512,7500,337
235,9/12/2020,Finland,8557,7500,337
236,9/13/2020,Finland,8580,7500,337
237,9/14/2020,Finland,8627,7500,337
238,9/15/2020,Finland,8725,7500,339
239,9/16/2020,Finland,8750,7700,339
240,9/17/2020,Finland,8799,7700,339
241,9/18/2020,Finland,8858,7700,339
242,9/19/2020,Finland,8922,7700,339
243,9/20/2020,Finland,8980,7700,339
244,9/21/2020,Finland,9046,7700,341
245,9/22/2020,Finland,9195,7700,341
246,9/23/2020,Finland,9288,7850,343
247,9/24/2020,Finland,9379,7850,343
248,9/25/2020,Finland,9484,7850,343
249,9/26/2020,Finland,9577,7850,343
250,9/27/2020,Finland,9682,7850,343
251,9/28/2020,Finland,9743,7850,345
252,9/29/2020,Finland,9892,7850,345
253,9/30/2020,Finland,9992,8100,344
254,10/1/2020,Finland,10103,8100,344
255,10/2/2020,Finland,10244,8100,345
256,10/3/2020,Finland,10391,8100,345
257,10/4/2020,Finland,10538,8100,345
258,10/5/2020,Finland,10702,8100,346
259,10/6/2020,Finland,10929,8100,346
260,10/7/2020,Finland,11049,8500,346
261,10/8/2020,Finland,11345,8500,346
262,10/9/2020,Finland,11580,8500,346
263,10/10/2020,Finland,11849,8500,346
264,10/11/2020,Finland,11998,8500,346
265,10/12/2020,Finland,12212,8500,346
266,10/13/2020,Finland,12499,8500,346
267,10/14/2020,Finland,12703,9100,350
268,10/15/2020,Finland,12944,9100,350
269,10/16/2020,Finland,13133,9100,351
270,10/17/2020,Finland,13293,9100,351
271,10/18/2020,Finland,13424,9100,351
272,10/19/2020,Finland,13555,9100,351
273,10/20/2020,Finland,13849,9100,351
274,10/21/2020,Finland,14071,9800,355
275,10/22/2020,Finland,14255,9800,355
276,10/23/2020,Finland,14474,9800,353
277,10/24/2020,Finland,14652,9800,353
278,10/25/2020,Finland,14848,9800,353
279,10/26/2020,Finland,14970,9800,354
280,10/27/2020,Finland,15163,9800,354
281,10/28/2020,Finland,15378,11300,354
282,10/29/2020,Finland,15566,11300,354
283,10/30/2020,Finland,15910,11300,358
284,10/31/2020,Finland,16113,11300,358
285,11/1/2020,Finland,16291,11300,358
286,11/2/2020,Finland,16400,11300,359
287,11/3/2020,Finland,16637,11300,359
288,11/4/2020,Finland,16930,12700,361
289,11/5/2020,Finland,17119,12700,361
290,11/6/2020,Finland,17385,12700,362
291,11/7/2020,Finland,17385,12700,362
292,11/8/2020,Finland,17797,12700,362
293,11/9/2020,Finland,17887,12700,363
294,11/10/2020,Finland,18107,12700,363
295,11/11/2020,Finland,18345,14000,365
296,11/12/2020,Finland,18542,14000,365
297,11/13/2020,Finland,18858,14000,369
298,11/14/2020,Finland,19102,14000,369
299,11/15/2020,Finland,19315,14000,369
300,11/16/2020,Finland,19419,14000,371
301,11/17/2020,Finland,19647,14000,371
302,11/18/2020,Finland,19935,15300,374
303,11/19/2020,Finland,20286,15300,374
304,11/20/2020,Finland,20747,15300,375
305,11/21/2020,Finland,21216,15300,375
306,11/22/2020,Finland,21639,15300,375
307,11/23/2020,Finland,21936,15300,384
308,11/24/2020,Finland,22289,15300,384
309,11/25/2020,Finland,22652,16800,388
310,11/26/2020,Finland,23148,16800,388
311,11/27/2020,Finland,23766,16800,393
312,11/28/2020,Finland,24307,16800,393
313,11/29/2020,Finland,24629,16800,393
314,11/30/2020,Finland,24912,16800,399
315,12/1/2020,Finland,25462,16800,399
316,12/2/2020,Finland,25882,18100,408
317,12/3/2020,Finland,26422,18100,408
318,12/4/2020,Finland,26758,18100,408
319,12/5/2020,Finland,27218,18100,415
320,12/6/2020,Finland,27631,18100,415
321,12/7/2020,Finland,27881,18100,424
322,12/8/2020,Finland,28242,18100,424
323,12/9/2020,Finland,28732,18100,433
324,12/10/2020,Finland,29572,20000,442
325,12/11/2020,Finland,30073,20000,453
326,12/12/2020,Finland,30450,20000,453
327,12/13/2020,Finland,30810,20000,453
328,12/14/2020,Finland,31110,20000,461
329,12/15/2020,Finland,31459,20000,466
330,12/16/2020,Finland,31870,22500,472
331,12/17/2020,Finland,32228,22500,484
332,12/18/2020,Finland,32582,22500,489
333,12/19/2020,Finland,32853,22500,489
334,12/20/2020,Finland,33162,22500,489
335,12/21/2020,Finland,33414,22500,506
336,12/22/2020,Finland,33717,22500,511
337,12/23/2020,Finland,34084,26000,524
338,12/24/2020,Finland,34447,26000,524
339,12/25/2020,Finland,34648,26000,524
340,12/26/2020,Finland,34821,26000,524
341,12/27/2020,Finland,34977,26000,524
342,12/28/2020,Finland,35137,26000,546
343,12/29/2020,Finland,35420,26000,550
344,12/30/2020,Finland,35858,29000,556
345,12/31/2020,Finland,36107,29000,561
346,1/1/2021,Finland,36403,29000,561
347,1/2/2021,Finland,36604,29000,561
348,1/3/2021,Finland,36772,29000,561
349,1/4/2021,Finland,36919,29000,565
350,1/5/2021,Finland,37218,31000,576
351,1/6/2021,Finland,37549,31000,576
352,1/7/2021,Finland,37772,31000,584
353,1/8/2021,Finland,38068,31000,586
354,1/9/2021,Finland,38392,31000,586
355,1/10/2021,Finland,38590,31000,586
356,1/11/2021,Finland,38790,31000,597
357,1/12/2021,Finland,39011,31000,602
358,1/13/2021,Finland,39335,31000,602
359,1/14/2021,Finland,39593,31000,616
360,1/15/2021,Finland,39911,31000,618
361,1/16/2021,Finland,40101,31000,618
362,1/17/2021,Finland,40337,31000,618
363,1/18/2021,Finland,40505,31000,618
364,1/19/2021,Finland,40722,31000,621
365,1/20/2021,Finland,41166,31000,632
366,1/21/2021,Finland,41565,31000,632
367,1/22/2021,Finland,41915,31000,644
368,1/23/2021,Finland,42334,31000,644
369,1/24/2021,Finland,42580,31000,644
370,1/25/2021,Finland,42772,31000,655
371,1/26/2021,Finland,43120,31000,655
372,1/27/2021,Finland,43616,31000,660
373,1/28/2021,Finland,44039,31000,664
374,1/29/2021,Finland,44402,31000,671
375,1/30/2021,Finland,44871,31000,671
376,1/31/2021,Finland,45238,31000,671
377,2/1/2021,Finland,45482,31000,677
378,2/2/2021,Finland,45784,31000,684
379,2/3/2021,Finland,46049,31000,685
380,2/4/2021,Finland,46493,31000,688
381,2/5/2021,Finland,46894,31000,688
382,2/6/2021,Finland,47262,31000,688
383,2/7/2021,Finland,47616,31000,688
384,2/8/2021,Finland,47969,31000,688
385,2/9/2021,Finland,48407,31000,703
386,2/10/2021,Finland,48807,31000,703
387,2/11/2021,Finland,49165,40000,708
388,2/12/2021,Finland,49572,40000,710
389,2/13/2021,Finland,50007,40000,710
390,2/14/2021,Finland,50319,40000,710
391,2/15/2021,Finland,50662,40000,716
392,2/16/2021,Finland,51047,40000,720
393,2/17/2021,Finland,51595,40000,723
394,2/18/2021,Finland,52209,40000,725
395,2/19/2021,Finland,52653,40000,725
396,2/20/2021,Finland,53285,40000,726
397,2/21/2021,Finland,53742,40000,726
398,2/22/2021,Finland,54132,40000,733
399,2/23/2021,Finland,54532,40000,734
400,2/24/2021,Finland,55122,40000,737
401,2/25/2021,Finland,55687,40000,740
402,2/26/2021,Finland,56407,40000,742
403,2/27/2021,Finland,57052,46000,742
404,2/28/2021,Finland,57672,46000,742
405,3/1/2021,Finland,58064,46000,750
406,3/2/2021,Finland,58645,46000,755
407,3/3/2021,Finland,59442,46000,759
408,3/4/2021,Finland,60200,46000,764
409,3/5/2021,Finland,60904,46000,767
410,3/6/2021,Finland,61552,46000,767
411,3/7/2021,Finland,62063,46000,767
412,3/8/2021,Finland,62522,46000,774
413,3/9/2021,Finland,63110,46000,776
414,3/10/2021,Finland,63889,46000,776
415,3/11/2021,Finland,64609,46000,776
416,3/12/2021,Finland,65315,46000,786
417,3/13/2021,Finland,66006,46000,786
418,3/14/2021,Finland,66869,46000,786
419,3/15/2021,Finland,67334,46000,800
420,3/16/2021,Finland,67851,46000,801
421,3/17/2021,Finland,68693,46000,804
422,3/18/2021,Finland,69497,46000,805
423,3/19/2021,Finland,70267,46000,805
424,3/20/2021,Finland,71123,46000,805
425,3/21/2021,Finland,71643,46000,805
426,3/22/2021,Finland,72073,46000,808
427,3/23/2021,Finland,72713,46000,808
428,3/24/2021,Finland,73516,46000,809
429,3/25/2021,Finland,74242,46000,815
430,3/26/2021,Finland,74754,46000,817
431,3/27/2021,Finland,75545,46000,817
432,3/28/2021,Finland,76003,46000,817
433,3/29/2021,Finland,76425,46000,822
434,3/30/2021,Finland,76845,46000,826
435,3/31/2021,Finland,77452,46000,844
436,4/1/2021,Finland,78106,46000,846
437,4/2/2021,Finland,78672,46000,846
438,4/3/2021,Finland,79094,46000,846
439,4/4/2021,Finland,79396,46000,846
440,4/5/2021,Finland,79737,46000,846
441,4/6/2021,Finland,80068,46000,860
442,4/7/2021,Finland,80416,46000,862
443,4/8/2021,Finland,80842,46000,866
444,4/9/2021,Finland,81261,46000,868
445,4/10/2021,Finland,81707,46000,868
446,4/11/2021,Finland,82053,46000,868
447,4/12/2021,Finland,82278,46000,874
448,4/13/2021,Finland,82564,46000,877
449,4/14/2021,Finland,82964,46000,881
450,4/15/2021,Finland,83253,46000,885
451,4/16/2021,Finland,83633,46000,887
452,4/17/2021,Finland,83633,46000,887
453,4/18/2021,Finland,84131,46000,887
454,4/19/2021,Finland,84287,46000,891
455,4/20/2021,Finland,84501,46000,893
456,4/21/2021,Finland,84797,46000,899
457,4/22/2021,Finland,85077,46000,902
458,4/23/2021,Finland,85344,46000,903
459,4/24/2021,Finland,85607,46000,903
460,4/25/2021,Finland,85804,46000,903
461,4/26/2021,Finland,85937,46000,906
462,4/27/2021,Finland,86161,46000,908
1,1/22/2020,Germany,0,0,0
2,1/23/2020,Germany,0,0,0
3,1/24/2020,Germany,0,0,0
4,1/25/2020,Germany,0,0,0
5,1/26/2020,Germany,0,0,0
6,1/27/2020,Germany,1,0,0
7,1/28/2020,Germany,4,0,0
8,1/29/2020,Germany,4,0,0
9,1/30/2020,Germany,4,0,0
10,1/31/2020,Germany,5,0,0
11,2/1/2020,Germany,8,0,0
12,2/2/2020,Germany,10,0,0
13,2/3/2020,Germany,12,0,0
14,2/4/2020,Germany,12,0,0
15,2/5/2020,Germany,12,0,0
16,2/6/2020,Germany,12,0,0
17,2/7/2020,Germany,13,0,0
18,2/8/2020,Germany,13,0,0
19,2/9/2020,Germany,14,0,0
20,2/10/2020,Germany,14,0,0
21,2/11/2020,Germany,16,0,0
22,2/12/2020,Germany,16,0,0
23,2/13/2020,Germany,16,1,0
24,2/14/2020,Germany,16,1,0
25,2/15/2020,Germany,16,1,0
26,2/16/2020,Germany,16,1,0
27,2/17/2020,Germany,16,1,0
28,2/18/2020,Germany,16,12,0
29,2/19/2020,Germany,16,12,0
30,2/20/2020,Germany,16,12,0
31,2/21/2020,Germany,16,14,0
32,2/22/2020,Germany,16,14,0
33,2/23/2020,Germany,16,14,0
34,2/24/2020,Germany,16,14,0
35,2/25/2020,Germany,17,14,0
36,2/26/2020,Germany,27,15,0
37,2/27/2020,Germany,46,16,0
38,2/28/2020,Germany,48,16,0
39,2/29/2020,Germany,79,16,0
40,3/1/2020,Germany,130,16,0
41,3/2/2020,Germany,159,16,0
42,3/3/2020,Germany,196,16,0
43,3/4/2020,Germany,262,16,0
44,3/5/2020,Germany,482,16,0
45,3/6/2020,Germany,670,17,0
46,3/7/2020,Germany,799,18,0
47,3/8/2020,Germany,1040,18,0
48,3/9/2020,Germany,1176,18,2
49,3/10/2020,Germany,1457,18,2
50,3/11/2020,Germany,1908,25,3
51,3/12/2020,Germany,2078,25,3
52,3/13/2020,Germany,3675,46,7
53,3/14/2020,Germany,4585,46,9
54,3/15/2020,Germany,5795,46,11
55,3/16/2020,Germany,7272,67,17
56,3/17/2020,Germany,9257,67,24
57,3/18/2020,Germany,12327,105,28
58,3/19/2020,Germany,15320,113,44
59,3/20/2020,Germany,19848,180,67
60,3/21/2020,Germany,22213,233,84
61,3/22/2020,Germany,24873,266,94
62,3/23/2020,Germany,29056,266,123
63,3/24/2020,Germany,32986,3243,157
64,3/25/2020,Germany,37323,3547,206
65,3/26/2020,Germany,43938,5673,267
66,3/27/2020,Germany,50871,6658,342
67,3/28/2020,Germany,57695,8481,433
68,3/29/2020,Germany,62095,9211,533
69,3/30/2020,Germany,66885,13500,645
70,3/31/2020,Germany,71808,16100,775
71,4/1/2020,Germany,77872,18700,920
72,4/2/2020,Germany,84794,22440,1107
73,4/3/2020,Germany,91159,24575,1275
74,4/4/2020,Germany,96092,26400,1444
75,4/5/2020,Germany,100123,28700,1584
76,4/6/2020,Germany,103374,28700,1810
77,4/7/2020,Germany,107663,36081,2016
78,4/8/2020,Germany,113296,46300,2349
79,4/9/2020,Germany,118181,52407,2607
80,4/10/2020,Germany,122171,53913,2767
81,4/11/2020,Germany,124908,57400,2736
82,4/12/2020,Germany,127854,60300,3022
83,4/13/2020,Germany,130072,64300,3194
84,4/14/2020,Germany,131359,68200,3294
85,4/15/2020,Germany,134753,72600,3804
86,4/16/2020,Germany,137698,77000,4052
87,4/17/2020,Germany,141397,83114,4352
88,4/18/2020,Germany,143342,85400,4459
89,4/19/2020,Germany,145184,88000,4586
90,4/20/2020,Germany,147065,91500,4862
91,4/21/2020,Germany,148291,95200,5033
92,4/22/2020,Germany,150648,99400,5279
93,4/23/2020,Germany,153129,103300,5575
94,4/24/2020,Germany,154999,109800,5760
95,4/25/2020,Germany,156513,109800,5877
96,4/26/2020,Germany,157770,112000,5976
97,4/27/2020,Germany,158758,114500,6126
98,4/28/2020,Germany,159912,117400,6314
99,4/29/2020,Germany,161539,120400,6467
100,4/30/2020,Germany,163009,123500,6623
101,5/1/2020,Germany,164077,126900,6736
102,5/2/2020,Germany,164967,129000,6812
103,5/3/2020,Germany,165664,130600,6866
104,5/4/2020,Germany,166152,132700,6993
105,5/5/2020,Germany,167007,135100,6993
106,5/6/2020,Germany,168162,139900,7275
107,5/7/2020,Germany,169430,141700,7392
108,5/8/2020,Germany,170588,141700,7510
109,5/9/2020,Germany,171324,143300,7549
110,5/10/2020,Germany,171879,144400,7569
111,5/11/2020,Germany,172576,145617,7661
112,5/12/2020,Germany,173171,147200,7738
113,5/13/2020,Germany,174098,148700,7861
114,5/14/2020,Germany,174478,150300,7884
115,5/15/2020,Germany,175233,151597,7897
116,5/16/2020,Germany,175752,152600,7938
117,5/17/2020,Germany,176369,154011,7962
118,5/18/2020,Germany,176551,155041,8003
119,5/19/2020,Germany,177778,155681,8081
120,5/20/2020,Germany,178473,156966,8144
121,5/21/2020,Germany,179021,158087,8203
122,5/22/2020,Germany,179710,159064,8228
123,5/23/2020,Germany,179986,159716,8261
124,5/24/2020,Germany,180328,160281,8283
125,5/25/2020,Germany,180600,161199,8309
126,5/26/2020,Germany,181200,161967,8372
127,5/27/2020,Germany,181524,162820,8428
128,5/28/2020,Germany,182196,163360,8470
129,5/29/2020,Germany,182922,164245,8504
130,5/30/2020,Germany,183189,164908,8530
131,5/31/2020,Germany,183410,165352,8540
132,6/1/2020,Germany,183594,165632,8555
133,6/2/2020,Germany,183879,166609,8563
134,6/3/2020,Germany,184121,167453,8602
135,6/4/2020,Germany,184472,167909,8635
136,6/5/2020,Germany,184924,168480,8658
137,6/6/2020,Germany,185450,168958,8673
138,6/7/2020,Germany,185750,169224,8685
139,6/8/2020,Germany,186109,169556,8695
140,6/9/2020,Germany,186506,170129,8736
141,6/10/2020,Germany,186522,170630,8752
142,6/11/2020,Germany,186691,170961,8772
143,6/12/2020,Germany,187226,171535,8783
144,6/13/2020,Germany,187267,171970,8793
145,6/14/2020,Germany,187518,172089,8801
146,6/15/2020,Germany,187682,172692,8807
147,6/16/2020,Germany,188252,172842,8820
148,6/17/2020,Germany,188604,173599,8851
149,6/18/2020,Germany,189817,173847,8875
150,6/19/2020,Germany,190299,173972,8887
151,6/20/2020,Germany,190670,174609,8895
152,6/21/2020,Germany,191272,174740,8895
153,6/22/2020,Germany,191768,175143,8899
154,6/23/2020,Germany,192480,175825,8914
155,6/24/2020,Germany,192871,176422,8928
156,6/25/2020,Germany,193371,176764,8940
157,6/26/2020,Germany,194036,177149,8965
158,6/27/2020,Germany,194458,177518,8968
159,6/28/2020,Germany,194693,177657,8968
160,6/29/2020,Germany,195042,177770,8976
161,6/30/2020,Germany,195418,178100,8990
162,7/1/2020,Germany,195893,179100,8995
163,7/2/2020,Germany,196370,179800,9006
164,7/3/2020,Germany,196780,180300,9010
165,7/4/2020,Germany,197198,181000,9020
166,7/5/2020,Germany,197523,181719,9023
167,7/6/2020,Germany,198064,182160,9022
168,7/7/2020,Germany,198343,182661,9032
169,7/8/2020,Germany,198699,183153,9046
170,7/9/2020,Germany,199001,183728,9057
171,7/10/2020,Germany,199332,184028,9063
172,7/11/2020,Germany,199709,184266,9070
173,7/12/2020,Germany,199919,184414,9071
174,7/13/2020,Germany,200180,185100,9074
175,7/14/2020,Germany,200456,185100,9078
176,7/15/2020,Germany,200890,186000,9080
177,7/16/2020,Germany,201450,186400,9087
178,7/17/2020,Germany,202045,186900,9088
179,7/18/2020,Germany,202426,187200,9091
180,7/19/2020,Germany,202735,187400,9092
181,7/20/2020,Germany,203325,188070,9094
182,7/21/2020,Germany,203717,188221,9099
183,7/22/2020,Germany,204276,188628,9102
184,7/23/2020,Germany,204881,189140,9110
185,7/24/2020,Germany,205623,189696,9120
186,7/25/2020,Germany,206278,189919,9124
187,7/26/2020,Germany,206667,190055,9124
188,7/27/2020,Germany,207112,190314,9125
189,7/28/2020,Germany,207707,190711,9131
190,7/29/2020,Germany,208546,191279,9135
191,7/30/2020,Germany,209535,191551,9144
192,7/31/2020,Germany,210399,191992,9147
193,8/1/2020,Germany,211005,192636,9154
194,8/2/2020,Germany,211220,192908,9154
195,8/3/2020,Germany,212111,193594,9154
196,8/4/2020,Germany,212828,194173,9163
197,8/5/2020,Germany,214113,194568,9179
198,8/6/2020,Germany,215039,195281,9181
199,8/7/2020,Germany,216196,195935,9195
200,8/8/2020,Germany,216903,196550,9201
201,8/9/2020,Germany,217288,196783,9202
202,8/10/2020,Germany,218508,197382,9203
203,8/11/2020,Germany,219540,198347,9208
204,8/12/2020,Germany,220859,198991,9213
205,8/13/2020,Germany,222281,199654,9217
206,8/14/2020,Germany,223791,200440,9230
207,8/15/2020,Germany,224488,200756,9235
208,8/16/2020,Germany,225007,201187,9235
209,8/17/2020,Germany,226700,202249,9236
210,8/18/2020,Germany,228120,203677,9241
211,8/19/2020,Germany,229706,204454,9249
212,8/20/2020,Germany,231292,205359,9263
213,8/21/2020,Germany,233029,206656,9266
214,8/22/2020,Germany,233861,207606,9272
215,8/23/2020,Germany,234494,207985,9275
216,8/24/2020,Germany,236122,208653,9276
217,8/25/2020,Germany,237583,210333,9281
218,8/26/2020,Germany,239010,211691,9285
219,8/27/2020,Germany,240571,212909,9290
220,8/28/2020,Germany,242126,214186,9290
221,8/29/2020,Germany,242835,214790,9299
222,8/30/2020,Germany,243305,215283,9300
223,8/31/2020,Germany,244802,216795,9303
224,9/1/2020,Germany,246015,218403,9307
225,9/2/2020,Germany,247411,219904,9322
226,9/3/2020,Germany,248840,221525,9322
227,9/4/2020,Germany,250283,222802,9327
228,9/5/2020,Germany,251058,223570,9329
229,9/6/2020,Germany,251728,224215,9330
230,9/7/2020,Germany,253626,225704,9331
231,9/8/2020,Germany,254957,227379,9336
232,9/9/2020,Germany,256433,228784,9342
233,9/10/2020,Germany,258149,230283,9345
234,9/11/2020,Germany,259735,231349,9348
235,9/12/2020,Germany,260817,231953,9352
236,9/13/2020,Germany,261737,232541,9354
237,9/14/2020,Germany,263222,234017,9356
238,9/15/2020,Germany,265014,235112,9367
239,9/16/2020,Germany,266869,236623,9373
240,9/17/2020,Germany,269048,238437,9376
241,9/18/2020,Germany,271247,239654,9386
242,9/19/2020,Germany,272932,240510,9388
243,9/20/2020,Germany,273965,241192,9390
244,9/21/2020,Germany,275560,242656,9390
245,9/22/2020,Germany,277412,244693,9405
246,9/23/2020,Germany,279025,245706,9423
247,9/24/2020,Germany,281346,247766,9436
248,9/25/2020,Germany,283712,249164,9451
249,9/26/2020,Germany,285026,250104,9459
250,9/27/2020,Germany,286339,250866,9464
251,9/28/2020,Germany,288631,252693,9468
252,9/29/2020,Germany,290471,255212,9483
253,9/30/2020,Germany,292913,256861,9495
254,10/1/2020,Germany,295539,258220,9509
255,10/2/2020,Germany,298374,259722,9518
256,10/3/2020,Germany,300027,260916,9531
257,10/4/2020,Germany,301573,262002,9533
258,10/5/2020,Germany,304673,265624,9554
259,10/6/2020,Germany,307127,267747,9566
260,10/7/2020,Germany,311137,269722,9582
261,10/8/2020,Germany,315941,271960,9594
262,10/9/2020,Germany,320495,273718,9599
263,10/10/2020,Germany,323463,274934,9620
264,10/11/2020,Germany,326309,276983,9626
265,10/12/2020,Germany,332850,278391,9640
266,10/13/2020,Germany,337314,280533,9682
267,10/14/2020,Germany,344487,283656,9716
268,10/15/2020,Germany,352107,286137,9739
269,10/16/2020,Germany,359802,289027,9773
270,10/17/2020,Germany,364664,291129,9785
271,10/18/2020,Germany,368671,293447,9798
272,10/19/2020,Germany,377068,296672,9842
273,10/20/2020,Germany,385591,299743,9882
274,10/21/2020,Germany,397922,304173,9911
275,10/22/2020,Germany,403874,308779,9960
276,10/23/2020,Germany,417350,312347,9978
277,10/24/2020,Germany,427808,316124,10035
278,10/25/2020,Germany,437698,320004,10062
279,10/26/2020,Germany,450258,325052,10091
280,10/27/2020,Germany,463419,327697,10121
281,10/28/2020,Germany,479621,336764,10218
282,10/29/2020,Germany,498354,340436,10305
283,10/30/2020,Germany,517736,351921,10391
284,10/31/2020,Germany,531790,356410,10483
285,11/1/2020,Germany,544346,363545,10513
286,11/2/2020,Germany,569598,372499,10669
287,11/3/2020,Germany,577131,373391,10717
288,11/4/2020,Germany,608611,384012,10949
289,11/5/2020,Germany,631172,394616,11110
290,11/6/2020,Germany,653992,405809,11240
291,11/7/2020,Germany,668114,413484,11306
292,11/8/2020,Germany,682624,421151,11372
293,11/9/2020,Germany,689146,443621,11408
294,11/10/2020,Germany,715693,446402,11781
295,11/11/2020,Germany,738094,460504,11994
296,11/12/2020,Germany,762832,474208,12216
297,11/13/2020,Germany,785093,487913,12404
298,11/14/2020,Germany,799733,498996,12511
299,11/15/2020,Germany,802946,505714,12573
300,11/16/2020,Germany,817526,522313,12833
301,11/17/2020,Germany,843757,537347,13138
302,11/18/2020,Germany,867484,554272,13390
303,11/19/2020,Germany,891525,570961,13662
304,11/20/2020,Germany,914118,587780,13918
305,11/21/2020,Germany,927990,600991,14061
306,11/22/2020,Germany,932367,611627,14159
307,11/23/2020,Germany,946822,630375,14460
308,11/24/2020,Germany,963192,649070,14832
309,11/25/2020,Germany,995879,666373,15210
310,11/26/2020,Germany,1017830,685537,15640
311,11/27/2020,Germany,1038649,705213,16011
312,11/28/2020,Germany,1052494,718604,16181
313,11/29/2020,Germany,1055691,730797,16306
314,11/30/2020,Germany,1069912,749219,16694
315,12/1/2020,Germany,1094678,769380,17177
316,12/2/2020,Germany,1117953,789564,17659
317,12/3/2020,Germany,1141544,811091,18097
318,12/4/2020,Germany,1157514,831935,18577
319,12/5/2020,Germany,1183640,852580,18839
320,12/6/2020,Germany,1194550,868285,18989
321,12/7/2020,Germany,1200006,888701,19434
322,12/8/2020,Germany,1229269,909058,20002
323,12/9/2020,Germany,1254358,929272,20460
324,12/10/2020,Germany,1287092,949913,21064
325,12/11/2020,Germany,1314309,966238,21567
326,12/12/2020,Germany,1336101,975931,21900
327,12/13/2020,Germany,1350810,990707,22106
328,12/14/2020,Germany,1357261,1012077,22634
329,12/15/2020,Germany,1391086,1031721,23544
330,12/16/2020,Germany,1423830,1056477,24273
331,12/17/2020,Germany,1454009,1078944,25027
332,12/18/2020,Germany,1486839,1095982,25754
333,12/19/2020,Germany,1508518,1107115,26171
334,12/20/2020,Germany,1514962,1123725,26400
335,12/21/2020,Germany,1534218,1147943,27110
336,12/22/2020,Germany,1570371,1171444,28096
337,12/23/2020,Germany,1604129,1197472,28909
338,12/24/2020,Germany,1630596,1220277,29330
339,12/25/2020,Germany,1632736,1235968,29580
340,12/26/2020,Germany,1646240,1253285,29946
341,12/27/2020,Germany,1658639,1272032,30297
342,12/28/2020,Germany,1672643,1294932,31145
343,12/29/2020,Germany,1692109,1319757,32267
344,12/30/2020,Germany,1741153,1345952,33230
345,12/31/2020,Germany,1760520,1350708,33791
346,1/1/2021,Germany,1762637,1388744,34145
347,1/2/2021,Germany,1773540,1400810,34480
348,1/3/2021,Germany,1783896,1422151,34791
349,1/4/2021,Germany,1796216,1445442,35748
350,1/5/2021,Germany,1814565,1472311,36757
351,1/6/2021,Germany,1841228,1496182,37835
352,1/7/2021,Germany,1886561,1517019,38987
353,1/8/2021,Germany,1905638,1533143,40022
354,1/9/2021,Germany,1928462,1546206,40597
355,1/10/2021,Germany,1929410,1566907,40936
356,1/11/2021,Germany,1941116,1590171,41799
357,1/12/2021,Germany,1968326,1616761,42889
358,1/13/2021,Germany,1993892,1640682,44096
359,1/14/2021,Germany,2015235,1661394,45207
360,1/15/2021,Germany,2023828,1664176,45705
361,1/16/2021,Germany,2038645,1680479,46464
362,1/17/2021,Germany,2050129,1709540,46901
363,1/18/2021,Germany,2059382,1713196,47263
364,1/19/2021,Germany,2071615,1757713,48997
365,1/20/2021,Germany,2100618,1778319,50010
366,1/21/2021,Germany,2108895,1797648,50876
367,1/22/2021,Germany,2125261,1813894,51713
368,1/23/2021,Germany,2137691,1826161,51873
369,1/24/2021,Germany,2147769,1840970,52296
370,1/25/2021,Germany,2154656,1859936,53127
371,1/26/2021,Germany,2164043,1881933,53619
372,1/27/2021,Germany,2179679,1881933,54498
373,1/28/2021,Germany,2194562,1915501,55883
374,1/29/2021,Germany,2207393,1917964,56286
375,1/30/2021,Germany,2224911,1938929,57105
376,1/31/2021,Germany,2225659,1940046,57163
377,2/1/2021,Germany,2232327,1967132,58059
378,2/2/2021,Germany,2240017,1986214,58992
379,2/3/2021,Germany,2252504,2003831,59776
380,2/4/2021,Germany,2265536,2020303,60634
381,2/5/2021,Germany,2276371,2033168,61324
382,2/6/2021,Germany,2285003,2041988,61551
383,2/7/2021,Germany,2291673,2052656,61708
384,2/8/2021,Germany,2296323,2054340,62191
385,2/9/2021,Germany,2302051,2081966,63006
386,2/10/2021,Germany,2311297,2096775,63672
387,2/11/2021,Germany,2321225,2109508,64224
388,2/12/2021,Germany,2330422,2120342,64771
389,2/13/2021,Germany,2336906,2128002,64990
390,2/14/2021,Germany,2341744,2136933,65107
391,2/15/2021,Germany,2346876,2148269,65288
392,2/16/2021,Germany,2352766,2161100,65829
393,2/17/2021,Germany,2362364,2172312,66732
394,2/18/2021,Germany,2372209,2182370,67245
395,2/19/2021,Germany,2381259,2191208,67741
396,2/20/2021,Germany,2388421,2197065,67883
397,2/21/2021,Germany,2394515,2204110,67946
398,2/22/2021,Germany,2399499,2212439,68363
399,2/23/2021,Germany,2405263,2221972,68785
400,2/24/2021,Germany,2416037,2231073,69170
401,2/25/2021,Germany,2427069,2232050,69343
402,2/26/2021,Germany,2436506,2247173,69939
403,2/27/2021,Germany,2444177,2252970,70092
404,2/28/2021,Germany,2450295,2259548,70152
405,3/1/2021,Germany,2455569,2260719,70514
406,3/2/2021,Germany,2462061,2277626,70926
407,3/3/2021,Germany,2472913,2286728,71285
408,3/4/2021,Germany,2484306,2295405,71554
409,3/5/2021,Germany,2493887,2302899,71852
410,3/6/2021,Germany,2502151,2308094,71951
411,3/7/2021,Germany,2508655,2314400,71984
412,3/8/2021,Germany,2513784,2322734,72236
413,3/9/2021,Germany,2520618,2331890,72534
414,3/10/2021,Germany,2541781,2340473,72858
415,3/11/2021,Germany,2546526,2349384,73120
416,3/12/2021,Germany,2559296,2356590,73348
417,3/13/2021,Germany,2569864,2357374,73369
418,3/14/2021,Germany,2578842,2368995,73463
419,3/15/2021,Germany,2585385,2377584,73701
420,3/16/2021,Germany,2603064,2387232,73952
421,3/17/2021,Germany,2610769,2387743,74043
422,3/18/2021,Germany,2639258,2405600,74402
423,3/19/2021,Germany,2654734,2413584,74608
424,3/20/2021,Germany,2669233,2419292,74706
425,3/21/2021,Germany,2670001,2426700,74756
426,3/22/2021,Germany,2678262,2437183,75009
427,3/23/2021,Germany,2699231,2448828,75255
428,3/24/2021,Germany,2722988,2460019,75484
429,3/25/2021,Germany,2744608,2471558,75669
430,3/26/2021,Germany,2765297,2481908,75828
431,3/27/2021,Germany,2782925,2489198,75915
432,3/28/2021,Germany,2784652,2499010,75959
433,3/29/2021,Germany,2794949,2511417,76139
434,3/30/2021,Germany,2818630,2525580,76389
435,3/31/2021,Germany,2843644,2539660,76589
436,4/1/2021,Germany,2866323,2552020,76823
437,4/2/2021,Germany,2882356,2566530,76940
438,4/3/2021,Germany,2886029,2575740,77010
439,4/4/2021,Germany,2896329,2585850,77060
440,4/5/2021,Germany,2902309,2587580,77136
441,4/6/2021,Germany,2909902,2604890,77245
442,4/7/2021,Germany,2940279,2638320,77755
443,4/8/2021,Germany,2966789,2640300,78049
444,4/9/2021,Germany,2990724,2654930,78295
445,4/10/2021,Germany,3009452,2668910,78402
446,4/11/2021,Germany,3012158,2692230,78500
447,4/12/2021,Germany,3024604,2708320,78796
448,4/13/2021,Germany,3054025,2726910,79137
449,4/14/2021,Germany,3085142,2744940,79427
450,4/15/2021,Germany,3110252,2747460,79672
451,4/16/2021,Germany,3134108,2763260,79894
452,4/17/2021,Germany,3154305,2784540,79971
453,4/18/2021,Germany,3155522,2795080,80052
454,4/19/2021,Germany,3167137,2811890,80353
455,4/20/2021,Germany,3198534,2831440,80680
456,4/21/2021,Germany,3222888,2852890,80938
457,4/22/2021,Germany,3254609,2856510,81203
458,4/23/2021,Germany,3276871,2876690,81492
459,4/24/2021,Germany,3291293,2902900,81610
460,4/25/2021,Germany,3306692,2917730,81671
461,4/26/2021,Germany,3312653,2939900,82009
462,4/27/2021,Germany,3338564,2960900,82325
1,1/22/2020,Israel,0,0,0
2,1/23/2020,Israel,0,0,0
3,1/24/2020,Israel,0,0,0
4,1/25/2020,Israel,0,0,0
5,1/26/2020,Israel,0,0,0
6,1/27/2020,Israel,0,0,0
7,1/28/2020,Israel,0,0,0
8,1/29/2020,Israel,0,0,0
9,1/30/2020,Israel,0,0,0
10,1/31/2020,Israel,0,0,0
11,2/1/2020,Israel,0,0,0
12,2/2/2020,Israel,0,0,0
13,2/3/2020,Israel,0,0,0
14,2/4/2020,Israel,0,0,0
15,2/5/2020,Israel,0,0,0
16,2/6/2020,Israel,0,0,0
17,2/7/2020,Israel,0,0,0
18,2/8/2020,Israel,0,0,0
19,2/9/2020,Israel,0,0,0
20,2/10/2020,Israel,0,0,0
21,2/11/2020,Israel,0,0,0
22,2/12/2020,Israel,0,0,0
23,2/13/2020,Israel,0,0,0
24,2/14/2020,Israel,0,0,0
25,2/15/2020,Israel,0,0,0
26,2/16/2020,Israel,0,0,0
27,2/17/2020,Israel,0,0,0
28,2/18/2020,Israel,0,0,0
29,2/19/2020,Israel,0,0,0
30,2/20/2020,Israel,0,0,0
31,2/21/2020,Israel,1,0,0
32,2/22/2020,Israel,1,0,0
33,2/23/2020,Israel,1,0,0
34,2/24/2020,Israel,1,0,0
35,2/25/2020,Israel,1,0,0
36,2/26/2020,Israel,2,0,0
37,2/27/2020,Israel,3,0,0
38,2/28/2020,Israel,6,0,0
39,2/29/2020,Israel,6,0,0
40,3/1/2020,Israel,7,0,0
41,3/2/2020,Israel,12,0,0
42,3/3/2020,Israel,15,0,0
43,3/4/2020,Israel,15,0,0
44,3/5/2020,Israel,21,0,0
45,3/6/2020,Israel,37,0,0
46,3/7/2020,Israel,47,0,0
47,3/8/2020,Israel,56,0,0
48,3/9/2020,Israel,60,0,0
49,3/10/2020,Israel,88,0,0
50,3/11/2020,Israel,60,0,0
51,3/12/2020,Israel,81,0,0
52,3/13/2020,Israel,112,1,0
53,3/14/2020,Israel,138,1,0
54,3/15/2020,Israel,177,1,0
55,3/16/2020,Israel,251,1,0
56,3/17/2020,Israel,295,3,0
57,3/18/2020,Israel,371,6,0
58,3/19/2020,Israel,386,11,0
59,3/20/2020,Israel,628,13,1
60,3/21/2020,Israel,843,14,1
61,3/22/2020,Israel,1080,19,1
62,3/23/2020,Israel,1249,22,1
63,3/24/2020,Israel,1351,31,4
64,3/25/2020,Israel,2468,37,5
65,3/26/2020,Israel,2988,49,10
66,3/27/2020,Israel,3421,69,12
67,3/28/2020,Israel,3901,84,13
68,3/29/2020,Israel,4433,105,16
69,3/30/2020,Israel,4979,147,17
70,3/31/2020,Israel,5717,210,21
71,4/1/2020,Israel,6413,495,29
72,4/2/2020,Israel,7132,597,38
73,4/3/2020,Israel,7729,667,43
74,4/4/2020,Israel,8157,717,49
75,4/5/2020,Israel,8740,820,56
76,4/6/2020,Israel,9191,939,64
77,4/7/2020,Israel,9568,1059,72
78,4/8/2020,Israel,9906,1191,80
79,4/9/2020,Israel,10249,1306,89
80,4/10/2020,Israel,10607,1460,97
81,4/11/2020,Israel,10952,1611,103
82,4/12/2020,Israel,11504,1909,109
83,4/13/2020,Israel,11942,2228,118
84,4/14/2020,Israel,12341,2551,126
85,4/15/2020,Israel,12652,2823,139
86,4/16/2020,Israel,12948,3174,146
87,4/17/2020,Israel,13246,3550,155
88,4/18/2020,Israel,13537,3820,166
89,4/19/2020,Israel,13813,4228,174
90,4/20/2020,Israel,14112,4687,180
91,4/21/2020,Israel,14394,5103,189
92,4/22/2020,Israel,14619,5514,192
93,4/23/2020,Israel,14895,5866,196
94,4/24/2020,Israel,15143,6291,199
95,4/25/2020,Israel,15302,6655,202
96,4/26/2020,Israel,15385,7087,204
97,4/27/2020,Israel,15513,7635,208
98,4/28/2020,Israel,15672,8118,213
99,4/29/2020,Israel,15754,8471,219
100,4/30/2020,Israel,15896,8924,225
101,5/1/2020,Israel,16012,9393,229
102,5/2/2020,Israel,16069,9611,232
103,5/3/2020,Israel,16096,9945,235
104,5/4/2020,Israel,16149,10233,238
105,5/5/2020,Israel,16181,10561,240
106,5/6/2020,Israel,16246,10843,241
107,5/7/2020,Israel,16307,11103,242
108,5/8/2020,Israel,16340,11318,248
109,5/9/2020,Israel,16359,11402,251
110,5/10/2020,Israel,16388,11649,255
111,5/11/2020,Israel,16427,11940,260
112,5/12/2020,Israel,16450,12195,263
113,5/13/2020,Israel,16489,12398,266
114,5/14/2020,Israel,16511,12648,268
115,5/15/2020,Israel,16523,12793,268
116,5/16/2020,Israel,16528,12880,271
117,5/17/2020,Israel,16543,13062,275
118,5/18/2020,Israel,16570,13346,278
119,5/19/2020,Israel,16592,13485,280
120,5/20/2020,Israel,16607,13613,281
121,5/21/2020,Israel,16624,13780,281
122,5/22/2020,Israel,16643,13925,281
123,5/23/2020,Israel,16648,13976,281
124,5/24/2020,Israel,16661,14121,282
125,5/25/2020,Israel,16683,14252,284
126,5/26/2020,Israel,16733,14352,284
127,5/27/2020,Israel,16773,14414,286
128,5/28/2020,Israel,16850,14532,287
129,5/29/2020,Israel,16963,14568,287
130,5/30/2020,Israel,16992,14608,287
131,5/31/2020,Israel,17079,14675,287
132,6/1/2020,Israel,17179,14765,290
133,6/2/2020,Israel,17300,14821,292
134,6/3/2020,Israel,17397,14851,293
135,6/4/2020,Israel,17539,14894,293
136,6/5/2020,Israel,17666,14936,294
137,6/6/2020,Israel,17744,14963,298
138,6/7/2020,Israel,17884,15017,300
139,6/8/2020,Israel,18063,15063,300
140,6/9/2020,Israel,18236,15109,301
141,6/10/2020,Israel,18476,15173,302
142,6/11/2020,Israel,18667,15239,302
143,6/12/2020,Israel,18851,15295,302
144,6/13/2020,Israel,19000,15334,303
145,6/14/2020,Israel,19136,15386,305
146,6/15/2020,Israel,19334,15480,305
147,6/16/2020,Israel,19634,15534,306
148,6/17/2020,Israel,19905,15584,306
149,6/18/2020,Israel,20207,15654,306
150,6/19/2020,Israel,20517,15701,307
151,6/20/2020,Israel,20676,15734,308
152,6/21/2020,Israel,20849,15792,308
153,6/22/2020,Israel,21194,15860,309
154,6/23/2020,Israel,21645,15950,311
155,6/24/2020,Israel,22132,16017,314
156,6/25/2020,Israel,22648,16103,318
157,6/26/2020,Israel,23112,16239,321
158,6/27/2020,Israel,23510,16287,324
159,6/28/2020,Israel,23895,16438,326
160,6/29/2020,Israel,24652,16595,326
161,6/30/2020,Israel,25438,16735,327
162,7/1/2020,Israel,26410,16834,330
163,7/2/2020,Israel,27556,16988,331
164,7/3/2020,Israel,28495,17096,334
165,7/4/2020,Israel,29316,17171,339
166,7/5/2020,Israel,30147,17341,341
167,7/6/2020,Israel,31281,17525,349
168,7/7/2020,Israel,32671,17695,354
169,7/8/2020,Israel,33998,17912,359
170,7/9/2020,Israel,35523,18139,364
171,7/10/2020,Israel,36932,18352,368
172,7/11/2020,Israel,38100,18543,373
173,7/12/2020,Israel,39338,18885,380
174,7/13/2020,Israel,41058,19248,384
175,7/14/2020,Israel,42662,19562,391
176,7/15/2020,Israel,44539,19922,397
177,7/16/2020,Israel,46478,20424,406
178,7/17/2020,Israel,48083,20908,418
179,7/18/2020,Israel,49531,21346,426
180,7/19/2020,Israel,50547,21853,436
181,7/20/2020,Israel,52434,22464,448
182,7/21/2020,Israel,54440,23100,457
183,7/22/2020,Israel,56484,27015,463
184,7/23/2020,Israel,58474,33815,479
185,7/24/2020,Israel,60304,35554,487
186,7/25/2020,Israel,61416,36168,494
187,7/26/2020,Israel,62458,39100,505
188,7/27/2020,Israel,64506,40966,512
189,7/28/2020,Israel,66631,42619,520
190,7/29/2020,Israel,68585,44095,535
191,7/30/2020,Israel,70372,45865,550
192,7/31/2020,Israel,71734,47225,564
193,8/1/2020,Israel,72359,47778,578
194,8/2/2020,Israel,73067,50366,589
195,8/3/2020,Israel,74867,52261,604
196,8/4/2020,Israel,76596,54016,615
197,8/5/2020,Israel,78286,55573,625
198,8/6/2020,Israel,79963,57443,634
199,8/7/2020,Israel,81727,58724,646
200,8/8/2020,Israel,82481,59356,659
201,8/9/2020,Israel,83405,61707,666
202,8/10/2020,Israel,85109,63131,681
203,8/11/2020,Israel,86932,64137,692
204,8/12/2020,Israel,88554,65305,707
205,8/13/2020,Israel,90197,66636,723
206,8/14/2020,Israel,91585,67636,735
207,8/15/2020,Israel,92342,68219,745
208,8/16/2020,Israel,93410,70473,764
209,8/17/2020,Israel,95060,71680,768
210,8/18/2020,Israel,96709,73011,782
211,8/19/2020,Israel,98349,74527,794
212,8/20/2020,Israel,99836,75903,806
213,8/21/2020,Israel,101329,77513,819
214,8/22/2020,Israel,102040,78185,829
215,8/23/2020,Israel,103005,80337,842
216,8/24/2020,Israel,104905,81674,858
217,8/25/2020,Israel,106861,82554,877
218,8/26/2020,Israel,108814,86431,888
219,8/27/2020,Israel,110885,87953,899
220,8/28/2020,Israel,112717,89824,911
221,8/29/2020,Israel,113627,90554,916
222,8/30/2020,Israel,114728,92922,930
223,8/31/2020,Israel,116906,94369,953
224,9/1/2020,Israel,119158,95485,968
225,9/2/2020,Israel,122351,96973,982
226,9/3/2020,Israel,125012,98838,998
227,9/4/2020,Israel,127635,100115,1010
228,9/5/2020,Israel,129140,100974,1025
229,9/6/2020,Israel,131317,103422,1037
230,9/7/2020,Israel,134705,105022,1054
231,9/8/2020,Israel,138194,106529,1074
232,9/9/2020,Israel,142190,108116,1089
233,9/10/2020,Israel,146351,110134,1103
234,9/11/2020,Israel,150326,112005,1123
235,9/12/2020,Israel,153045,113225,1138
236,9/13/2020,Israel,156220,116620,1155
237,9/14/2020,Israel,161025,119051,1175
238,9/15/2020,Israel,166564,121114,1191
239,9/16/2020,Israel,171138,123964,1217
240,9/17/2020,Israel,176523,127776,1235
241,9/18/2020,Israel,181863,130669,1255
242,9/19/2020,Israel,185672,132136,1282
243,9/20/2020,Israel,188251,134671,1303
244,9/21/2020,Israel,192117,139476,1334
245,9/22/2020,Israel,199138,143080,1360
246,9/23/2020,Israel,206263,146986,1385
247,9/24/2020,Israel,214497,151728,1416
248,9/25/2020,Israel,222887,155979,1446
249,9/26/2020,Israel,228769,158418,1471
250,9/27/2020,Israel,232183,164268,1503
251,9/28/2020,Israel,233342,166490,1532
252,9/29/2020,Israel,238333,172464,1567
253,9/30/2020,Israel,247411,177829,1604
254,10/1/2020,Israel,255142,183723,1650
255,10/2/2020,Israel,262200,189411,1675
256,10/3/2020,Israel,264793,192966,1712
257,10/4/2020,Israel,267730,201274,1748
258,10/5/2020,Israel,273451,208378,1775
259,10/6/2020,Israel,278175,214961,1820
260,10/7/2020,Israel,282340,219970,1846
261,10/8/2020,Israel,286095,224873,1893
262,10/9/2020,Israel,289058,230053,1933
263,10/10/2020,Israel,289974,233910,1968
264,10/11/2020,Israel,291620,241641,2014
265,10/12/2020,Israel,294789,247279,2044
266,10/13/2020,Israel,297125,253130,2082
267,10/14/2020,Israel,299242,259060,2117
268,10/15/2020,Israel,300854,264585,2148
269,10/16/2020,Israel,302354,268141,2182
270,10/17/2020,Israel,302765,270674,2214
271,10/18/2020,Israel,303687,275693,2247
272,10/19/2020,Israel,305204,278084,2278
273,10/20/2020,Israel,306397,279933,2298
274,10/21/2020,Israel,307569,283147,2323
275,10/22/2020,Israel,308601,286346,2352
276,10/23/2020,Israel,309450,288817,2378
277,10/24/2020,Israel,309696,290140,2405
278,10/25/2020,Israel,310303,292890,2440
279,10/26/2020,Israel,311187,294212,2468
280,10/27/2020,Israel,312074,295198,2496
281,10/28/2020,Israel,312797,296524,2506
282,10/29/2020,Israel,313441,297987,2525
283,10/30/2020,Israel,314121,299067,2536
284,10/31/2020,Israel,314349,299869,2561
285,11/1/2020,Israel,315007,301411,2580
286,11/2/2020,Israel,315795,302340,2596
287,11/3/2020,Israel,316641,303086,2622
288,11/4/2020,Israel,317410,303724,2639
289,11/5/2020,Israel,317980,304585,2652
290,11/6/2020,Israel,318671,305485,2668
291,11/7/2020,Israel,318883,306180,2676
292,11/8/2020,Israel,319417,306868,2683
293,11/9/2020,Israel,320136,307807,2689
294,11/10/2020,Israel,320811,308145,2699
295,11/11/2020,Israel,321574,309259,2706
296,11/12/2020,Israel,322410,310494,2718
297,11/13/2020,Israel,323171,311238,2723
298,11/14/2020,Israel,323463,311666,2735
299,11/15/2020,Israel,324088,312647,2744
300,11/16/2020,Israel,324961,313317,2751
301,11/17/2020,Israel,325790,313901,2763
302,11/18/2020,Israel,326585,314709,2770
303,11/19/2020,Israel,327355,315469,2778
304,11/20/2020,Israel,328129,316149,2784
305,11/21/2020,Israel,328551,316603,2796
306,11/22/2020,Israel,329316,317631,2813
307,11/23/2020,Israel,330275,318292,2820
308,11/24/2020,Israel,331132,318853,2826
309,11/25/2020,Israel,332211,319718,2831
310,11/26/2020,Israel,333296,320663,2840
311,11/27/2020,Israel,334328,321373,2846
312,11/28/2020,Israel,334908,321801,2856
313,11/29/2020,Israel,335933,322929,2864
314,11/30/2020,Israel,337191,323681,2872
315,12/1/2020,Israel,338389,324396,2882
316,12/2/2020,Israel,339968,325255,2886
317,12/3/2020,Israel,341406,326706,2895
318,12/4/2020,Israel,342101,327162,2896
319,12/5/2020,Israel,343826,327749,2909
320,12/6/2020,Israel,344906,329368,2917
321,12/7/2020,Israel,346797,330188,2924
322,12/8/2020,Israel,348285,331055,2932
323,12/9/2020,Israel,350271,332089,2934
324,12/10/2020,Israel,352397,333391,2961
325,12/11/2020,Israel,353269,333900,2969
326,12/12/2020,Israel,355786,335243,2983
327,12/13/2020,Israel,357176,337186,2999
328,12/14/2020,Israel,359506,338418,3004
329,12/15/2020,Israel,360630,338784,3014
330,12/16/2020,Israel,365042,341217,3034
331,12/17/2020,Israel,367975,342985,3050
332,12/18/2020,Israel,370152,344373,3057
333,12/19/2020,Israel,372886,345590,3074
334,12/20/2020,Israel,374760,348107,3099
335,12/21/2020,Israel,378259,348874,3111
336,12/22/2020,Israel,382487,351187,3136
337,12/23/2020,Israel,385022,351876,3150
338,12/24/2020,Israel,389678,354674,3171
339,12/25/2020,Israel,394391,357868,3186
340,12/26/2020,Israel,398664,359984,3210
341,12/27/2020,Israel,401470,364013,3226
342,12/28/2020,Israel,407285,366520,3256
343,12/29/2020,Israel,412398,369118,3292
344,12/30/2020,Israel,416584,372285,3307
345,12/31/2020,Israel,423262,376322,3325
346,1/1/2021,Israel,428510,379910,3356
347,1/2/2021,Israel,434799,381902,3392
348,1/3/2021,Israel,441542,388484,3416
349,1/4/2021,Israel,448173,390817,3445
350,1/5/2021,Israel,456139,393712,3496
351,1/6/2021,Israel,463448,398368,3529
352,1/7/2021,Israel,471048,402913,3552
353,1/8/2021,Israel,477357,408753,3596
354,1/9/2021,Israel,485434,412296,3645
355,1/10/2021,Israel,491319,419907,3671
356,1/11/2021,Israel,501073,425004,3704
357,1/12/2021,Israel,510063,429929,3771
358,1/13/2021,Israel,520060,437790,3817
359,1/14/2021,Israel,529814,447076,3870
360,1/15/2021,Israel,535049,453127,3910
361,1/16/2021,Israel,543499,455698,3959
362,1/17/2021,Israel,551689,467017,4005
363,1/18/2021,Israel,558249,473310,4044
364,1/19/2021,Israel,565629,478665,4080
365,1/20/2021,Israel,575842,488158,4181
366,1/21/2021,Israel,582869,497347,4245
367,1/22/2021,Israel,589028,504590,4266
368,1/23/2021,Israel,593961,512702,4341
369,1/24/2021,Israel,597403,524817,4419
370,1/25/2021,Israel,601069,534485,4498
371,1/26/2021,Israel,609656,535717,4513
372,1/27/2021,Israel,621590,542115,4605
373,1/28/2021,Israel,628895,551489,4669
374,1/29/2021,Israel,633991,558019,4700
375,1/30/2021,Israel,638789,561655,4738
376,1/31/2021,Israel,643435,572511,4796
377,2/1/2021,Israel,652246,572978,4816
378,2/2/2021,Israel,659978,582199,4887
379,2/3/2021,Israel,668874,589081,4948
380,2/4/2021,Israel,675618,589488,5001
381,2/5/2021,Israel,680856,590822,5020
382,2/6/2021,Israel,685583,609144,5071
383,2/7/2021,Israel,692101,619100,5121
384,2/8/2021,Israel,696528,623084,5171
385,2/9/2021,Israel,703719,628004,5216
386,2/10/2021,Israel,709729,635960,5257
387,2/11/2021,Israel,714812,644703,5283
388,2/12/2021,Israel,718746,651293,5304
389,2/13/2021,Israel,721846,655292,5351
390,2/14/2021,Israel,724380,663732,5388
391,2/15/2021,Israel,730293,670251,5414
392,2/16/2021,Israel,734575,673681,5441
393,2/17/2021,Israel,738629,681022,5473
394,2/18/2021,Israel,741934,688184,5509
395,2/19/2021,Israel,744513,693503,5526
396,2/20/2021,Israel,744513,693503,5526
397,2/21/2021,Israel,750043,703791,5577
398,2/22/2021,Israel,754998,709394,5596
399,2/23/2021,Israel,759572,712328,5634
400,2/24/2021,Israel,763756,717695,5660
401,2/25/2021,Israel,767726,722308,5687
402,2/26/2021,Israel,770780,725727,5697
403,2/27/2021,Israel,773335,727576,5732
404,2/28/2021,Israel,775807,733184,5752
405,3/1/2021,Israel,779958,735624,5760
406,3/2/2021,Israel,785218,738226,5790
407,3/3/2021,Israel,789485,740941,5803
408,3/4/2021,Israel,793407,746002,5822
409,3/5/2021,Israel,796465,750435,5834
410,3/6/2021,Israel,799727,753081,5856
411,3/7/2021,Israel,801575,758541,5891
412,3/8/2021,Israel,805116,761326,5917
413,3/9/2021,Israel,808262,764220,5933
414,3/10/2021,Israel,811492,768713,5950
415,3/11/2021,Israel,814250,773545,5967
416,3/12/2021,Israel,816198,775675,5980
417,3/13/2021,Israel,817799,775878,5988
418,3/14/2021,Israel,818977,785342,6011
419,3/15/2021,Israel,820913,787893,6030
420,3/16/2021,Israel,822703,790340,6048
421,3/17/2021,Israel,824178,793723,6057
422,3/18/2021,Israel,825562,798096,6069
423,3/19/2021,Israel,826609,800514,6073
424,3/20/2021,Israel,827220,802123,6082
425,3/21/2021,Israel,827772,805455,6092
426,3/22/2021,Israel,828764,807653,6109
427,3/23/2021,Israel,829689,808869,6122
428,3/24/2021,Israel,830028,811008,6154
429,3/25/2021,Israel,830845,813014,6163
430,3/26/2021,Israel,831383,814505,6165
431,3/27/2021,Israel,831383,814505,6165
432,3/28/2021,Israel,831924,816218,6185
433,3/29/2021,Israel,832125,817698,6197
434,3/30/2021,Israel,832639,818558,6193
435,3/31/2021,Israel,833105,819665,6209
436,4/1/2021,Israel,833456,820703,6220
437,4/2/2021,Israel,833707,820906,6220
438,4/3/2021,Israel,834070,821748,6236
439,4/4/2021,Israel,834247,822787,6243
440,4/5/2021,Israel,834603,823330,6248
441,4/6/2021,Israel,834920,823732,6257
442,4/7/2021,Israel,835216,824160,6266
443,4/8/2021,Israel,835486,824748,6279
444,4/9/2021,Israel,835674,825195,6280
445,4/10/2021,Israel,835813,825519,6292
446,4/11/2021,Israel,835933,826205,6296
447,4/12/2021,Israel,836158,826494,6304
448,4/13/2021,Israel,836334,826768,6309
449,4/14/2021,Israel,836590,827562,6312
450,4/15/2021,Israel,836902,827934,6315
451,4/16/2021,Israel,836936,828235,6316
452,4/17/2021,Israel,836883,827966,6331
453,4/18/2021,Israel,837047,828488,6335
454,4/19/2021,Israel,837218,828686,6341
455,4/20/2021,Israel,837357,828902,6345
456,4/21/2021,Israel,837492,829127,6346
457,4/22/2021,Israel,837807,829424,6346
458,4/23/2021,Israel,837892,829696,6346
459,4/24/2021,Israel,837974,829811,6350
460,4/25/2021,Israel,838024,829983,6352
461,4/26/2021,Israel,838107,830088,6353
462,4/27/2021,Israel,838217,830205,6359
