,time,S,I,R,S_au,I_au,R_au,S_g,I_g,R_g,S_i,I_i,R_i,S_f,I_f,R_f
1,1,37742153,1,0,25499880,4,0,9227699,1,0,9227699,1,0,5540719,1,0
2,2,37742152.36,1.187197047,0.451863508,25499877.64,4.48192042,1.877235632,9227698.263,1.321503078,0.41589572,9227698.304,1.264422459,0.431312567,5540718.265,1.318161533,0.416803226
3,3,37742151.6,1.409436508,0.988313792,25499875,5.021902382,3.980640728,9227697.288,1.74636927,0.96550187,9227697.425,1.598763402,0.976672758,5540717.296,1.737548664,0.966215877
4,4,37742150.7,1.673278676,1.62518636,25499872.04,5.626941243,6.33746484,9227696,2.307831841,1.691809056,9227696.312,2.021512228,1.666239653,5540716.019,2.290369146,1.69043149
5,5,37742149.63,1.98651155,2.381280218,25499868.72,6.304875185,8.978240709,9227694.299,3.049804059,2.651623622,9227694.906,2.55604377,2.538141277,5540714.336,3.019073211,2.645061799
6,6,37742148.36,2.358379861,3.278910701,25499865,7.064485085,11.93717332,9227692.05,4.030322543,3.920022038,9227693.127,3.231917543,3.640593913,5540712.117,3.979622374,3.903419113
7,7,37742146.86,2.799861147,4.344575877,25499860.83,7.915612471,15.25259942,9227689.078,5.326082767,5.596218161,9227690.879,4.086506551,5.034559007,5540709.192,5.245782242,5.562140291
8,8,37742145.07,3.323986224,5.60973013,25499856.16,8.869282702,18.96746737,9227685.15,7.038423267,7.811304651,9227688.036,5.167070367,6.797124776,5540705.337,6.914774029,7.748590839
9,9,37742142.94,3.946226047,7.111717981,25499850.93,9.937849692,23.129901,9227679.96,9.301283144,10.73854723,9227684.441,6.533350306,9.025739529,5540700.255,9.11476786,10.63068212
10,10,37742140.42,4.684946397,8.894871648,25499845.07,11.13515568,27.79382198,9227673.101,12.29165303,14.60690482,9227679.895,8.260902523,11.84364874,5540693.556,12.01470415,14.42973897
11,11,37742137.43,5.561952046,11.01182461,25499838.5,12.47671041,33.01964796,9227664.038,16.24341859,19.71893882,9227674.148,10.44525527,15.40667665,5540684.725,15.83726278,19.43749193
12,12,37742133.87,6.603130404,13.52506527,25499831.15,13.97989243,38.8750767,9227652.06,21.46566016,26.47448792,9227666.881,13.20718839,19.91183867,5540673.086,20.87596881,26.03849015
13,13,37742129.65,7.83921337,16.50877602,25499822.9,15.66417382,45.43596177,9227636.231,28.36682058,35.40193576,9227657.692,16.69942267,25.60825402,5540657.743,27.51772233,34.73962286
14,14,37742124.64,9.306686011,20.05102671,25499813.66,17.55137218,52.78729413,9227615.314,37.48664227,47.19953201,9227646.074,21.11505638,32.81090887,5540637.518,36.27249813,46.20903836
15,15,37742118.69,11.04886338,24.25637394,25499803.31,19.66593342,61.02430413,9227587.672,49.5383661,62.78999362,9227631.384,26.69824105,41.91807347,5540610.86,47.81248176,61.32743363
16,16,37742111.63,13.11716859,29.2489464,25499791.71,22.03524835,70.25369483,9227551.143,65.46449759,83.39266633,9227612.809,33.75767878,53.43332332,5540575.721,63.02364869,81.25565919
17,17,37742103.25,15.57265081,35.17610908,25499778.71,24.69000729,80.59502388,9227502.871,86.51048664,110.618876,9227589.323,42.68368392,67.99337747,5540529.402,83.0737434,107.5238342
18,18,37742093.3,18.487787,42.21281275,25499764.15,27.66459752,92.18225209,9227439.08,114.3220506,146.597894,9227559.627,53.96975486,86.40329853,5540468.349,109.501828,142.1487626
19,19,37742081.48,21.94862099,50.56675769,25499747.84,30.99754848,105.1654783,9227354.783,151.0737531,194.1433863,9227522.079,68.23984371,109.6809945,5540387.875,144.3362584,187.7886667
20,20,37742067.46,26.05730297,60.48452412,25499729.56,34.73203067,119.7128835,9227243.388,199.638869,256.9733602,9227474.604,86.28282811,139.113481,5540281.803,190.2500817,247.9470782
21,21,37742050.81,30.93510417,72.25884989,25499709.07,38.91641446,136.0129086,9227096.186,263.8136963,340.0006992,9227414.576,109.0960846,176.3280094,5540141.993,250.7657142,327.2415197
22,22,37742031.04,36.72599583,86.23727058,25499686.12,43.60489635,154.2766947,9226901.669,348.6137188,449.7169163,9227338.677,137.9405615,223.3819848,5539957.718,330.5243253,431.7573559
23,23,37742007.57,43.6008979,102.8323766,25499660.4,48.85820038,174.7408176,9226644.636,460.6645878,594.6990423,9227242.713,174.4103795,282.8766318,5539714.846,435.6403346,569.5138457
24,24,37741979.7,51.7627228,122.5339902,25499631.59,54.74436416,197.6703509,9226305.003,608.7181749,786.2791366,9227121.379,220.5207794,358.1006697,5539394.755,574.1676497,751.07779
25,25,37741946.62,61.45236307,145.9236215,25499599.3,61.33961928,223.362298,9225856.239,804.3331019,1039.428017,9226967.969,278.8192376,453.2119083,5538972.916,756.7125293,990.3713759
26,26,37741907.35,72.95579922,173.6916297,25499563.12,68.72937773,252.1494378,9225263.306,1062.771846,1373.921681,9226774.007,352.5258186,573.4667435,5538417.027,997.238067,1305.734701
27,27,37741860.73,86.61253749,206.6575964,25499522.59,77.00933698,284.4046328,9224479.937,1404.182429,1815.880273,9226528.779,445.7104066,725.5101434,5537684.558,1314.119175,1721.322798
28,28,37741805.38,102.825626,245.7945112,25499477.17,86.28671781,320.5456557,9223445.049,1855.153529,2399.797835,9226218.742,563.5164395,917.7420209,5536719.535,1731.523707,2268.940897
29,29,37741739.67,122.0735447,292.257483,25499426.28,96.6816511,361.0405973,9222078.027,2450.757186,3171.216196,9225826.777,712.4432163,1160.780004,5535448.33,2281.216801,2990.453168
30,30,37741661.66,144.924318,347.4178231,25499369.26,108.3287312,406.4139249,9220272.527,3237.227892,4190.245448,9225331.254,900.7019185,1468.04381,5533774.152,3004.910151,3940.938236
31,31,37741569.04,172.0522678,412.9035056,25499305.37,121.3787558,457.2532694,9217888.339,4275.46739,5536.193221,9224704.843,1138.664278,1856.492919,5531569.874,3957.309541,5192.816266
32,32,37741459.09,204.2578971,490.6471962,25499233.78,136.0006753,514.2170292,9214740.743,5645.614648,7313.642609,9223913.015,1439.4275,2347.557357,5528668.72,5210.046955,6841.232885
33,33,37741328.57,242.4914904,582.9432652,25499153.57,152.3837753,578.0428885,9210586.613,7452.975615,9660.411522,9222912.164,1819.524762,2968.311492,5524852.222,6856.717963,9011.059939
34,34,37741173.6,287.8811239,692.5154625,25499063.7,170.7401221,649.5573597,9205106.377,9835.673495,12757.94991,9221647.229,2299.817519,3752.953236,5519834.777,9019.269315,11865.95394
35,35,37740989.64,341.7659064,822.5972475,25498963.01,191.3073005,729.6864733,9197880.695,12974.43661,16844.86879,9220048.719,2906.614091,4744.666465,5513244.003,11855.98972,15620.00723
36,36,37740771.24,405.7354278,977.0271362,25498850.18,214.3514807,819.4677525,9188360.569,17104.97791,22234.45307,9218028.968,3673.068634,5997.963262,5504596.057,15571.31992,20552.62304
37,37,37740511.96,481.6765673,1160.361869,25498723.77,240.1708522,920.0636262,9175829.435,22533.4004,29337.16471,9215477.449,4640.925544,7581.625383,5493265.168,20427.55422,27027.27827
38,38,37740204.16,571.8290319,1378.010723,25498582.12,269.0994687,1032.776453,9159355.748,29654.94503,38689.30695,9212254.922,5862.686219,9582.391452,5478446.958,26758.2141,35514.82806
39,39,37739838.75,678.8512452,1636.394911,25498423.42,301.5115539,1159.065351,9137734.886,38976.04574,50989.06862,9208186.145,7404.287062,12109.56817,5459115.812,34982.3223,46621.8652
40,40,37739404.96,805.898505,1943.136744,25498245.61,337.8263207,1300.565043,9109420.122,51138.9072,67140.97109,9203050.832,9348.387938,15300.77987,5433978.086,45617.76921,61124.14463
41,41,37738890,956.7156789,2307.284087,25498046.38,378.5133676,1459.106967,9072444.046,66946.55635,88309.39728,9196572.514,11798.37607,19329.11023,5401425.432,59290.36385,80004.20383
42,42,37738278.68,1135.747124,2739.576678,25497823.16,424.0987172,1636.742918,9024335.429,87383.96209,115980.6089,9188404.885,14883.18609,24411.92915,5359496.646,76732.70967,104490.6439
43,43,37737552.97,1348.267,3252.762085,25497573.06,475.1715759,1835.771514,8962042.2,113627.2613,152030.5386,9178115.254,18763.01423,30821.73165,5305862.469,98763.73194,136093.7994
44,44,37736691.5,1600.533718,3861.970494,25497292.84,532.3918968,2058.767845,8881879.999,147028.0499,198791.9514,9165164.702,23635.95374,38899.34447,5237855.016,126236.2577,176628.7259
45,45,37735668.87,1899.97294,4585.159216,25496978.88,596.498842,2308.61666,8779538.778,189052.8883,259108.334,9148884.689,29745.46989,49069.84072,5152571.761,159937.2129,228211.0263
46,46,37734454.97,2255.394328,5443.63979,25496627.13,668.3202488,2588.549523,8650192.065,241153.2336,336354.7019,9128450.133,37388.44546,61861.42185,5047087.193,200426.8757,293205.9317
47,47,37733014.05,2677.248144,6462.702892,25496233.03,748.7832161,2902.186409,8488768.533,304537.388,434394.0785,9102849.349,46923.23423,77927.41669,4918798.741,247813.9061,374107.3529
48,48,37731303.71,3177.928877,7672.358995,25495791.49,838.9259419,3253.582265,8290440.634,379827.6944,557431.6719,9070852.116,58776.67698,98071.20688,4765906.468,301486.9769,473326.5546
49,49,37729273.65,3772.134282,9108.215961,25495296.81,939.9109567,3647.279116,8051359.029,466615.3769,709725.594,9030978.289,73448.33994,123273.3713,4587973.78,359862.1323,592884.0881
50,50,37726864.19,4477.289627,10812.51848,25494742.6,1053.039911,4088.364376,7769587.197,562984.378,895128.4249,8981471.206,91509.28234,154719.5113,4386446.356,420245.8378,734027.8058
51,51,37724004.57,5314.048548,12835.37869,25494121.69,1179.770098,4582.536087,7446077.688,665150.2479,1116472.064,8920282.57,113591.4574,193825.9731,4164950.589,478929.5929,896839.8179
52,52,37720610.88,6306.883681,15236.23234,25493426.09,1321.732901,5136.175903,7085407.253,767418.966,1374873.781,8845078.773,140362.4118,242258.8147,3929197.284,531590.4285,1079932.288
53,53,37716583.66,7484.782316,18085.56078,25492646.81,1480.754395,5756.430709,6695939.095,862647.0481,1669113.857,8753281.414,172479.1235,301939.4624,3686417.928,573961.8798,1280340.192
54,54,37711805.01,8882.06443,21466.92584,25491773.82,1658.878327,6451.303897,6289182.505,943239.2656,1995278.23,8642158.449,210514.1216,375027.4296,3444432.026,602605.8862,1493682.088
55,55,37706135.28,10539.34289,25479.37219,25490795.85,1858.391745,7229.757392,5878388.556,1002480.272,2346831.172,8508981.828,254849.3697,463868.8024,3210599.553,615539.3357,1714581.112
56,56,37699409.09,12504.64799,30240.2607,25489700.32,2081.853571,8101.825684,5476734.922,1035796.214,2715168.864,8351263.845,305538.3408,570897.8139,2990951.792,612513.7377,1937254.47
57,57,37691430.65,14834.74091,35888.60581,25488473.13,2332.12642,9078.743222,5095623.551,1041525.891,3090550.558,8167071.959,362146.9568,698481.0838,2789700.959,594889.2775,2156129.764
58,58,37681968.36,17596.64285,42589.00062,25487098.5,2612.412019,10173.0867,4743539.743,1020979.247,3463181.01,7955400.784,423598.5458,848700.6699,2609164.232,565200.3787,2366355.389
59,59,37670748.37,20869.40812,50536.22495,25485558.78,2926.290595,11398.93388,4425652.543,977854.7591,3824192.698,7716550.944,488064.1789,1023084.877,2450004.512,526591.1081,2564124.38
60,60,37657447.19,24746.17019,59960.64324,25483834.19,3277.764646,12772.04088,4144060.002,917297.0661,4166342.932,7452435.402,552950.4647,1222314.133,2311633.068,482289.9732,2746796.958
61,61,37641683,29336.48852,71134.51143,25481902.65,3671.307505,14310.03982,3898422.391,844921.1515,4484356.457,7166720.088,615031.4191,1445948.493,2192638.774,435224.8294,2912856.396
62,62,37623005.66,34769.02036,84379.32236,25479739.42,4111.917194,16032.65921,3686719.938,766033.5163,4774946.546,6864719.93,670743.1245,1692236.946,2091158.854,387805.2536,3061755.893
63,63,37600885.14,41194.53419,100074.3283,25477316.85,4605.176021,17961.96945,3505948.147,685145.0419,5036606.811,6553022.757,716610.6101,1958066.633,2005157.665,341848.4684,3193713.867
64,64,37574698.35,48789.26795,118666.3831,25474604.03,5157.316471,20122.65605,3352662.256,605759.0409,5269278.704,6238888.038,749723.8168,2239088.145,1932613.093,298604.8644,3309502.043
65,65,37543714.14,57758.61382,140681.2444,25471566.38,5775.29388,22542.32362,3223354.067,530364.0218,5473981.911,5929536.551,768149.0828,2530014.366,1871628.172,258838.1575,3410253.671
66,66,37507076.46,68341.07846,166736.461,25468165.3,6466.866467,25251.83361,3114684.302,460548.8219,5652466.876,5631479.688,771172.9954,2825047.317,1820487.666,222926.8349,3497305.499
67,67,37463785.64,80812.4193,197555.9424,25464357.64,7240.683242,28285.67926,3023607.686,397172.4484,5806919.866,5350016.592,759326.5785,3118356.83,1777678.629,190964.5298,3572076.841
68,68,37412677.96,95489.78873,233986.2494,25460095.22,8106.380309,31682.40139,2947424.418,340543.2309,5939732.352,5088967.555,734204.5913,3404527.854,1741889.139,162848.0208,3635982.84
69,69,37352403.82,112735.6234,277014.5606,25455324.27,9074.686026,35485.04873,2883786.614,290580.9007,6053332.486,4850642.343,698147.9046,3678909.752,1711994.981,138348.3415,3690376.678
70,70,37281404.98,132960.8878,327788.1313,25449984.78,10157.53543,39741.68691,2830679.504,246950.5381,6150069.957,4635990,653877.9053,3937832.095,1687040.788,117164.8907,3736514.321
71,71,37197892.01,156627.1166,387634.8701,25444009.85,11368.19421,44505.96028,2786390.029,209166.1543,6232143.816,4444854.822,604160.9578,4178684.22,1666219.46,98964.47255,3775536.068
72,72,37099823.13,184246.4897,458084.3846,25437324.9,12721.39244,49837.71086,2749471.056,176666.5656,6301562.379,4276267.924,551551.7246,4399880.351,1648851.858,83408.18494,3808459.957
73,73,36984886.59,216378.9271,540888.4801,25429846.87,14233.46776,55803.65855,2718705.644,148868.1328,6360126.223,4128723.259,498232.065,4600744.676,1634368.155,70168.7338,3836183.111
74,74,36850489.48,253624.9047,638039.6196,25421483.34,15922.51795,62478.14703,2693073.51,125199.5898,6409426.9,4000409.836,445937.999,4781352.165,1622291.233,58940.81891,3859487.948
75,75,36693756.34,296612.4073,751785.2528,25412131.48,17808.56184,69943.95902,2671721.099,105123.3231,6450855.578,3889390.29,395954.5828,4942355.128,1612222.158,49446.59122,3879051.251
76,76,36511542.6,345976.1819,884635.2134,25401677.09,19913.70735,78293.20457,2653935.439,88147.09341,6485617.467,3793727.588,349155.2274,5084817.185,1603827.683,41437.73904,3895454.578
77,77,36300468.08,402327.3285,1039358.59,25389993.39,22262.32481,87628.28498,2639121.588,73829.13218,6514749.28,3711568.216,306064.4985,5210067.286,1596829.619,34695.39526,3909194.986
78,78,36056976.95,466211.3726,1218965.674,25376939.84,24881.22268,98062.93425,2626783.42,61778.89215,6539137.688,3641191.553,266928.854,5319579.593,1590995.852,29028.70015,3920695.448
79,79,35777430.62,538053.4685,1426669.91,25362360.84,27799.8218,109723.3383,2616507.412,51655.09263,6559537.495,3581034.559,231785.0708,5414880.37,1586132.768,24272.61388,3930314.618
80,80,35458239.12,618090.4667,1665824.41,25346084.35,31050.32333,122749.3299,2607948.996,43162.19898,6576588.805,3529699.783,200520.5886,5497479.628,1582078.906,20285.37807,3938355.716
81,81,35096034.75,706291.415,1939827.839,25327920.48,34667.86343,137295.6559,2600821.119,36046.12684,6590832.754,3485952.616,172923.5131,5568823.871,1578699.638,16945.88574,3945074.477
82,82,34687887.59,802270.7475,2251995.658,25307660.05,38690.64645,153533.308,2594884.671,30089.68349,6602725.645,3448712.104,148721.9545,5630265.942,1575882.717,14151.12385,3950686.159
83,83,34231557.01,905201.8436,2605395.149,25285073.05,43160.04567,171650.9063,2589940.499,25108.0721,6612651.429,3417038.322,127613.6502,5683048.027,1573534.575,11813.77864,3955371.647
84,84,33725764.94,1013742.422,3002646.634,25259907.22,48120.65849,191856.1175,2585822.733,20944.65171,6620932.615,3390118.316,109287.3397,5728294.345,1571577.203,9860.056091,3959282.741
85,85,33170468.72,1125986.545,3445698.736,25231886.62,53620.29963,214377.085,2582393.231,17467.05415,6627839.715,3367251.848,93437.43736,5767010.715,1569945.568,8227.738021,3962546.694
86,86,32567102.47,1239459.57,3935591.959,25200710.25,59709.91287,239463.8378,2579536.944,14563.7049,6633599.351,3347837.717,79773.59127,5800088.692,1568585.461,6864.468671,3965270.07
87,87,31918750.24,1351171.62,4472232.14,25166050.98,66443.378,267389.6395,2577158.055,12140.7501,6638401.195,3331361.073,68026.34709,5828312.58,1567451.696,5726.262026,3967542.042
88,88,31230215.41,1457738.683,5054199.91,25127554.59,73877.18628,298452.2225,2575176.767,10119.37622,6642403.857,3317381.906,57950.03747,5852368.056,1566506.602,4776.210874,3969437.187
89,89,30507958.73,1555571.282,5678623.988,25084839.2,82069.95276,332974.8436,2573526.62,8433.492733,6645739.887,3305524.77,49323.72471,5872851.505,1565718.782,3983.38537,3971017.833
90,90,29759890.65,1641118.214,6341145.131,25037495.19,91081.73167,371307.0806,2572152.267,7027.742235,6648519.99,3295469.725,41950.81345,5890279.461,1565062.066,3321.889587,3972336.044
91,91,28995026.43,1711139.517,7035988.048,24985085.62,100973.0982,413825.277,2571007.611,5855.801871,6650836.587,3286944.423,35657.88658,5905097.69,1564514.638,2770.053427,3973435.309
92,92,28223034.19,1762973.275,7756146.534,24927147.52,111803.9569,460932.5196,2570054.261,4878.939618,6652766.8,3279717.22,30293.01473,5917689.766,1564058.309,2309.755829,3974351.936
93,93,27453725.01,1794757.912,8493671.074,24863193.94,123632.0381,513058.0202,2569260.241,4064.791675,6654374.967,3273591.228,25723.84254,5928384.93,1563677.918,1925.852973,3975116.229
94,94,26696543.07,1805577.431,9240033.495,24792717.2,136511.0483,570655.7559,2568598.924,3386.330201,6655714.746,3268399.2,21835.60097,5937465.199,1563360.829,1605.693978,3975753.477
95,95,25960111.85,1795509.979,9986532.167,24715193.35,150488.4435,634202.2063,2568048.13,2820.993771,6656830.876,3263999.13,18529.14697,5945171.723,1563096.508,1338.714361,3976284.778
96,96,25251880.31,1765577.146,10724696.55,24630088.17,165602.8131,704193.0196,2567589.387,2349.956386,6657760.657,3260270.492,15719.1075,5951710.401,1562876.172,1116.09454,3976727.733
97,97,24577893.81,1717607.872,11446652.32,24536864.7,181880.8726,781138.4308,2567207.311,1957.513925,6658535.175,3257111.024,13332.15969,5957256.817,1562692.503,930.4734086,3977097.024
98,98,23942694.19,1654042.946,12145416.86,24434992.64,199334.0941,865557.2663,2566889.089,1630.569858,6659180.341,3254433.982,11305.46772,5961960.551,1562539.398,775.7084989,3977404.893
99,99,23349335.93,1577711.3,12815106.77,24323959.58,217955.036,957969.3859,2566624.05,1358.204634,6659717.746,3252165.802,9585.281814,5965948.916,1562411.772,646.6750896,3977661.553
100,100,22799493.82,1491608.012,13451052.17,24203284.08,237713.4713,1058886.448,2566403.304,1131.315445,6660165.38,3250244.11,8125.694865,5969330.195,1562305.384,539.0981933,3977875.518
101,101,22293632.82,1398697.584,14049823.59,24072530.59,258552.4659,1168800.944,2566219.45,942.3151065,6660538.235,3248616.028,6887.548705,5972196.423,1562216.7,449.4120948,3978053.888
102,102,21831211.28,1301757.351,14609185.37,23931325.88,280384.6082,1288173.517,2566066.322,784.8804906,6660848.797,3247236.731,5837.478143,5974625.791,1562142.774,374.6429633,3978202.583
103,103,21410893.27,1203267.129,15127993.6,23779376.67,303088.6445,1417418.69,2565938.785,653.7424759,6661107.472,3246068.229,4947.079895,5976684.691,1562081.15,312.3108144,3978326.539
104,104,21030752.05,1105344.008,15606057.94,23616487.93,326506.821,1556889.254,2565832.562,544.5106332,6661322.927,3245078.325,4192.193276,5978429.482,1562029.781,260.3476415,3978429.871
105,105,20688452.89,1009716.372,16043984.74,23442581.05,350443.2686,1706859.683,2565744.092,453.5269562,6661502.381,3244239.734,3552.279813,5979907.986,1561986.96,217.0290768,3978516.01
106,106,20381409.1,917728.7323,16443016.17,23257711.08,374663.7765,1867509.144,2565670.406,377.7438586,6661651.85,3243529.337,3009.889748,5981160.773,1561951.266,180.9173594,3978587.817
107,107,20106909.55,830368.3722,16804876.08,23062081.95,398897.2817,2038904.764,2565609.035,314.6224384,6661776.342,3242927.545,2550.204388,5982222.251,1561921.511,150.8137452,3978647.676
108,108,19862218.4,748305.5171,17131630.09,22856058.66,422839.3438,2220985.993,2565557.921,262.0476595,6661880.032,3242417.758,2160.644311,5983121.598,1561896.707,125.7188064,3978697.574
109,109,19644650.08,671940.169,17425563.75,22640175.25,446157.771,2413550.981,2565515.348,218.2576485,6661966.394,3241985.913,1830.534509,5983883.552,1561876.031,104.7993137,3978739.169
110,110,19451622.88,601450.4086,17689080.71,22415137.65,468500.4227,2616245.929,2565479.891,181.7847669,6662038.324,3241620.097,1550.8186,5984529.084,1561858.796,87.36061503,3978773.843
111,111,19280694.98,536838.5745,17924620.45,22181820.61,489505.0343,2828558.358,2565450.359,151.4065029,6662098.234,3241310.216,1313.815219,5985075.969,1561844.429,72.82359908,3978802.747
112,112,19129586.58,477973.1054,18134594.32,21941258.17,508810.713,3049815.117,2565425.763,126.10455,6662148.133,3241047.718,1113.010546,5985539.272,1561832.453,60.70548562,3978826.842
113,113,18996191.26,424624.903,18321337.84,21694627.68,526070.5618,3279185.755,2565405.277,105.0307118,6662189.693,3240825.358,942.8817786,5985931.76,1561822.47,50.60380678,3978846.927
114,114,18878579.34,376497.8592,18487076.8,21443227.66,540964.7204,3515691.616,2565388.214,87.47849391,6662224.307,3240637.001,798.7470251,5986264.252,1561814.148,42.18305055,3978863.669
115,115,18774995.45,333253.708,18633904.84,21188450.35,553213.0043,3758220.648,2565374.004,72.85943793,6662253.137,3240477.446,676.6377471,5986545.916,1561807.21,35.16352439,3978877.626
116,116,18683852.07,294531.6803,18763770.25,20931750.14,562586.287,4005547.57,2565362.168,60.6834055,6662277.149,3240342.291,573.1904136,5986784.519,1561801.428,29.31207034,3978889.26
117,117,18603720.52,259963.5995,18878469.88,20674609.53,568915.8223,4256358.648,2565352.31,50.54215414,6662297.148,3240227.803,485.5545148,5986986.642,1561796.607,24.43432389,3978898.958
118,118,18533320.31,229185.112,18979648.57,20418504.13,572099.8458,4509280.027,2565344.099,42.0956558,6662313.805,3240130.823,411.3144906,5987157.862,1561792.589,20.36826038,3978907.043
119,119,18471507.81,201843.7308,19068802.46,20164868.7,572107.0037,4762908.293,2565337.261,35.06070024,6662327.678,3240048.674,348.4234903,5987302.903,1561789.24,16.97881461,3978913.782
120,120,18417264.56,177604.3168,19147285.13,19915065.76,568976.4229,5015841.814,2565331.566,29.20140204,6662339.233,3239979.087,295.1471845,5987425.766,1561786.447,14.15339545,3978919.399
121,121,18369685.9,156152.547,19216315.56,19670358.13,562814.497,5266711.371,2565326.822,24.32129329,6662348.857,3239920.142,250.0161133,5987529.842,1561784.12,11.7981466,3978924.082
122,122,18327969.96,137196.8362,19276987.2,19431886.56,553788.735,5514208.707,2565322.871,20.25673728,6662356.872,3239870.211,211.7852823,5987618.004,1561782.18,9.834829362,3978927.986
123,123,18291407.29,120469.1007,19330277.61,19200652.98,542119.2219,5757111.801,2565319.58,16.87144256,6662363.548,3239827.916,179.3999081,5987692.684,1561780.562,8.198224015,3978931.239
124,124,18259371.18,105724.6775,19377058.14,18977509.7,528068.3674,5994305.935,2565316.84,14.05189349,6662369.108,3239792.089,151.966382,5987755.945,1561779.214,6.833963568,3978933.952
125,125,18231308.79,92741.64777,19418103.56,18763154.33,511929.6911,6224799.983,2565314.557,11.70354436,6662373.739,3239761.741,128.7276594,5987809.532,1561778.09,5.696727893,3978936.213
126,126,18206733,81319.76113,19454101.24,18558129.96,494016.3771,6447737.659,2565312.656,9.747649375,6662377.596,3239736.034,109.0424018,5987854.924,1561777.153,4.748738345,3978938.098
127,127,18185215.02,71279.10769,19485659.88,18362830,474650.2473,6662403.757,2565311.072,8.118622356,6662380.809,3239714.258,92.36730168,5987893.375,1561776.373,3.958502858,3978939.669
128,128,18166377.75,62458.65124,19513317.6,18177506.59,454151.7013,6868225.712,2565309.754,6.76183763,6662383.485,3239695.812,78.24210423,5987925.945,1561775.722,3.299769844,3978940.979
129,129,18149889.8,54714.70537,19537549.5,18002282.02,432830.9926,7064770.983,2565308.655,5.63179839,6662385.713,3239680.188,66.2769162,5987953.535,1561775.179,2.750656161,3978942.07
130,130,18135460.14,47919.41178,19558774.45,17837162.01,410981.0756,7251740.913,2565307.74,4.690611138,6662387.569,3239666.953,56.14145266,5987976.906,1561774.727,2.292920187,3978942.98
131,131,18122833.31,41959.26155,19577361.42,17682050.09,388872.1315,7428961.782,2565306.978,3.906715058,6662389.115,3239655.741,47.5559262,5987996.703,1561774.35,1.911355845,3978943.739
132,132,18111785.23,36733.68686,19593635.08,17536762.44,366747.7423,7596373.814,2565306.344,3.253823726,6662390.402,3239646.245,40.28332803,5988013.472,1561774.035,1.593287478,3978944.371
133,133,18102119.37,32153.73979,19607880.89,17401042.58,344822.5996,7754018.823,2565305.815,2.71004367,6662391.475,3239638.2,34.1228885,5988027.677,1561773.773,1.328148764,3978944.899
134,134,18093663.48,28140.86738,19620349.65,17274575.28,323281.5568,7902027.162,2565305.375,2.257140234,6662392.368,3239631.386,28.90453691,5988039.709,1561773.555,1.107131711,3978945.338
135,135,18086266.6,24625.78681,19631261.62,17156999.69,302279.8128,8040604.501,2565305.008,1.879926125,6662393.112,3239625.614,24.48420811,5988049.901,1561773.373,0.922894053,3978945.704
136,136,18079796.49,21547.46007,19640810.05,17047921.11,281943.9967,8170018.895,2565304.703,1.56575214,6662393.731,3239620.725,20.73986638,5988058.535,1561773.221,0.769315348,3978946.01
137,137,18074137.34,18852.16512,19649164.5,16946921.58,262373.9243,8290588.5,2565304.449,1.304083009,6662394.247,3239616.583,17.56813723,5988065.848,1561773.094,0.641293649,3978946.264
138,138,18069187.73,16492.65911,19656473.61,16853569.02,243644.8218,8402670.163,2565304.237,1.086144111,6662394.677,3239613.075,14.88145396,5988072.043,1561772.989,0.534576023,3978946.476
139,139,18064858.87,14427.42764,19662867.7,16767425.09,225809.831,8506649.077,2565304.06,0.904627241,6662395.035,3239610.104,12.60564062,5988077.291,1561772.901,0.445617264,3978946.653
140,140,18061073.04,12620.01346,19668460.94,16688051.78,208902.6458,8602929.575,2565303.913,0.75344554,6662395.333,3239607.586,10.67786432,5988081.736,1561772.828,0.371462122,3978946.801
141,141,18057762.23,11038.41833,19673353.35,16615016.74,192940.157,8691927.104,2565303.791,0.627529385,6662395.582,3239605.454,9.044900783,5988085.501,1561772.767,0.30964713,3978946.924
142,142,18054866.92,9654.571287,19677632.51,16547897.64,177925.0145,8774061.345,2565303.689,0.52265639,6662395.788,3239603.648,7.66166501,5988088.691,1561772.716,0.258118766,3978947.026
143,143,18052335.01,8443.857079,19681375.13,16486285.51,163848.0376,8849750.448,2565303.604,0.435309815,6662395.961,3239602.118,6.489966622,5988091.392,1561772.673,0.215165234,3978947.111
144,144,18050120.94,7384.698728,19684648.36,16429787.28,150690.434,8919406.288,2565303.533,0.362560637,6662396.104,3239600.822,5.497455544,5988093.681,1561772.638,0.179359596,3978947.183
145,145,18048184.85,6458.188601,19687510.96,16378027.55,138425.7979,8983430.654,2565303.474,0.301969334,6662396.224,3239599.724,4.656728887,5988095.619,1561772.608,0.149512373,3978947.242
146,146,18046491.86,5647.762848,19690014.37,16330649.84,127021.8796,9042212.279,2565303.425,0.251504077,6662396.323,3239598.794,3.944574411,5988097.261,1561772.584,0.124632024,3978947.291
147,147,18045011.47,4938.914423,19692203.61,16287317.27,116442.1269,9096124.602,2565303.385,0.209472597,6662396.406,3239598.006,3.341329668,5988098.652,1561772.563,0.103892013,3978947.333
148,148,18043717,4318.940407,19694118.06,16247712.84,106647.0056,9145524.155,2565303.351,0.174465437,6662396.475,3239597.339,2.830339156,5988099.83,1561772.546,0.086603346,3978947.367
149,149,18042585.11,3776.719726,19695792.17,16211539.38,97595.11449,9190749.504,2565303.322,0.145308691,6662396.533,3239596.774,2.397494473,5988100.828,1561772.532,0.072191686,3978947.396
150,150,18041595.38,3302.517759,19697256.1,16178519.26,89244.11235,9232120.629,2565303.299,0.121024633,6662396.58,3239596.295,2.030844796,5988101.674,1561772.52,0.06017827,3978947.42
151,151,18040729.98,2887.814705,19698536.21,16148393.84,81551.47512,9269938.68,2565303.279,0.100798938,6662396.62,3239595.89,1.720266933,5988102.39,1561772.51,0.050164005,3978947.44
152,152,18039973.28,2525.154913,19699655.56,16120922.85,74475.10411,9304486.041,2565303.263,0.083953371,6662396.653,3239595.546,1.457185823,5988102.997,1561772.502,0.041816215,3978947.456
153,153,18039311.65,2208.014678,19700634.34,16095883.57,67973.80383,9336026.624,2565303.249,0.069923044,6662396.681,3239595.255,1.234337787,5988103.51,1561772.495,0.034857579,3978947.47
154,154,18038733.13,1930.686289,19701490.18,16073069.99,62007.64805,9364806.357,2565303.238,0.058237471,6662396.704,3239595.009,1.045569975,5988103.946,1561772.489,0.02905693,3978947.482
155,155,18038227.29,1688.176379,19702238.53,16052291.94,56538.25099,9391053.809,2565303.228,0.048504797,6662396.723,3239594.8,0.885670493,5988104.314,1561772.485,0.024221567,3978947.491
156,156,18037785,1476.116842,19702892.88,16033374.13,51528.95896,9414980.915,2565303.22,0.040398652,6662396.739,3239594.623,0.7502245,5988104.627,1561772.481,0.020190857,3978947.499
157,157,18037398.28,1290.68678,19703465.03,16016155.25,46944.97624,9436783.778,2565303.214,0.033647209,6662396.753,3239594.473,0.635492318,5988104.891,1561772.477,0.016830897,3978947.506
158,158,18037060.15,1128.544137,19703965.3,16000487.05,42753.4371,9456643.509,2565303.208,0.028024072,6662396.764,3239594.346,0.538306177,5988105.115,1561772.475,0.014030067,3978947.511
159,159,18036764.5,986.7658311,19704402.73,15986233.48,38923.43458,9474727.086,2565303.204,0.023340675,6662396.773,3239594.239,0.455982755,5988105.305,1561772.472,0.011695327,3978947.516
160,160,18036506,862.7953421,19704785.2,15973269.76,35426.0149,9491188.229,2565303.2,0.01943997,6662396.781,3239594.148,0.386249091,5988105.466,1561772.47,0.009749115,3978947.52
161,161,18036279.98,754.3968223,19705119.62,15961481.6,32234.14507,9506168.252,2565303.197,0.016191152,6662396.787,3239594.071,0.327179828,5988105.602,1561772.469,0.008126771,3978947.523
162,162,18036082.36,659.6149393,19705412.03,15950764.43,29322.66015,9519796.907,2565303.194,0.013485284,6662396.792,3239594.005,0.277144055,5988105.717,1561772.467,0.0067744,3978947.526
163,163,18035909.56,576.7397295,19705667.7,15941022.61,26668.19549,9532193.197,2565303.192,0.011231626,6662396.797,3239593.95,0.234760277,5988105.815,1561772.466,0.005647076,3978947.528
164,164,18035758.48,504.2758449,19705891.24,15932168.74,24249.1084,9543466.156,2565303.19,0.009354599,6662396.801,3239593.903,0.19885827,5988105.898,1561772.465,0.00470735,3978947.53
165,165,18035626.39,440.9156449,19706086.7,15924123.01,22045.3927,9553715.594,2565303.189,0.007791259,6662396.804,3239593.863,0.168446775,5988105.968,1561772.465,0.003924002,3978947.531
166,166,18035510.89,385.5156555,19706257.59,15916812.61,20038.58899,9563032.8,2565303.187,0.006489185,6662396.806,3239593.83,0.142686124,5988106.027,1561772.464,0.003271012,3978947.533
167,167,18035409.9,337.075976,19706407.02,15910171.1,18211.69311,9571501.211,2565303.186,0.005404713,6662396.808,3239593.801,0.120865063,5988106.078,1561772.463,0.002726685,3978947.534
168,168,18035321.61,294.7222644,19706537.67,15904137.9,16549.06452,9579197.035,2565303.185,0.004501478,6662396.81,3239593.777,0.102381107,5988106.12,1561772.463,0.002272939,3978947.535
169,169,18035244.41,257.6899806,19706651.9,15898657.83,15036.3359,9586189.832,2565303.185,0.003749191,6662396.812,3239593.757,0.086723912,5988106.157,1561772.463,0.0018947,3978947.536
170,170,18035176.91,225.3106048,19706751.78,15893680.61,13660.32513,9592543.065,2565303.184,0.003122627,6662396.813,3239593.739,0.07346118,5988106.187,1561772.462,0.001579404,3978947.536
171,171,18035117.89,196.9995836,19706839.11,15889160.45,12408.95043,9598314.599,2565303.183,0.002600774,6662396.814,3239593.725,0.062226724,5988106.213,1561772.462,0.001316577,3978947.537
172,172,18035066.28,172.245788,19706915.47,15885055.67,11271.14906,9603557.176,2565303.183,0.002166133,6662396.815,3239593.712,0.052710359,5988106.235,1561772.462,0.001097486,3978947.537
173,173,18035021.17,150.6022942,19706982.23,15881328.35,10236.80015,9608318.848,2565303.183,0.001804129,6662396.815,3239593.702,0.044649337,5988106.254,1561772.462,0.000914854,3978947.537
174,174,18034981.72,131.678321,19707040.61,15877943.97,9296.651637,9612643.375,2565303.182,0.001502623,6662396.816,3239593.693,0.037821091,5988106.269,1561772.461,0.000762614,3978947.538
175,175,18034947.22,115.1321789,19707091.64,15874871.15,8442.251626,9616570.598,2565303.182,0.001251505,6662396.817,3239593.685,0.032037092,5988106.283,1561772.461,0.000635708,3978947.538
176,176,18034917.07,100.6651048,19707136.27,15872081.34,7665.88407,9620136.78,2565303.182,0.001042354,6662396.817,3239593.679,0.027137643,5988106.294,1561772.461,0.00052992,3978947.538
177,177,18034890.7,88.01586993,19707175.29,15869548.58,6960.508706,9623374.914,2565303.182,0.000868156,6662396.817,3239593.674,0.022987469,5988106.303,1561772.461,0.000441734,3978947.538
178,178,18034867.64,76.95606545,19707209.4,15867249.28,6319.705175,9626315.014,2565303.182,0.000723069,6662396.818,3239593.669,0.019471984,5988106.312,1561772.461,0.000368223,3978947.539
179,179,18034847.49,67.28597957,19707239.23,15865162,5737.62116,9628984.377,2565303.182,0.00060223,6662396.818,3239593.665,0.016494123,5988106.318,1561772.461,0.000306946,3978947.539
180,180,18034829.86,58.83099266,19707265.31,15863267.25,5208.924374,9631407.822,2565303.181,0.000501583,6662396.818,3239593.662,0.013971668,5988106.324,1561772.461,0.000255866,3978947.539
